date,timestamp,count,uniques
2025-10-10,2025-10-10T00:00:00Z,1,1
2025-10-13,2025-10-13T00:00:00Z,56,2
2025-10-14,2025-10-14T00:00:00Z,25,6
2025-10-15,2025-10-15T00:00:00Z,5,5
2025-10-16,2025-10-16T00:00:00Z,10,8
2025-10-17,2025-10-17T00:00:00Z,2,2
2025-10-18,2025-10-18T00:00:00Z,2,1
2025-10-19,2025-10-19T00:00:00Z,1,1
2025-10-20,2025-10-20T00:00:00Z,2,2
2025-10-21,2025-10-21T00:00:00Z,29,9
2025-10-22,2025-10-22T00:00:00Z,66,6
2025-10-23,2025-10-23T00:00:00Z,2,2
2025-10-27,2025-10-27T00:00:00Z,1,1
2025-10-28,2025-10-28T00:00:00Z,8,4
2025-10-29,2025-10-29T00:00:00Z,6,2
2025-10-30,2025-10-30T00:00:00Z,2,2
2025-10-31,2025-10-31T00:00:00Z,13,10
2025-11-02,2025-11-02T00:00:00Z,1,1
2025-11-03,2025-11-03T00:00:00Z,10,7
2025-11-04,2025-11-04T00:00:00Z,8,5
2025-11-05,2025-11-05T00:00:00Z,19,14
2025-11-06,2025-11-06T00:00:00Z,9,7
2025-11-07,2025-11-07T00:00:00Z,5,4
2025-11-08,2025-11-08T00:00:00Z,2,1
2025-11-09,2025-11-09T00:00:00Z,1,1
2025-11-10,2025-11-10T00:00:00Z,12,7
2025-11-11,2025-11-11T00:00:00Z,7,6
2025-11-12,2025-11-12T00:00:00Z,14,7
2025-11-13,2025-11-13T00:00:00Z,26,7
2025-11-14,2025-11-14T00:00:00Z,18,10
2025-11-15,2025-11-15T00:00:00Z,1,1
2025-11-16,2025-11-16T00:00:00Z,4,3
2025-11-17,2025-11-17T00:00:00Z,11,6
2025-11-18,2025-11-18T00:00:00Z,6,5
2025-11-19,2025-11-19T00:00:00Z,2,2
2025-11-20,2025-11-20T00:00:00Z,2,2
2025-11-21,2025-11-21T00:00:00Z,2,2
2025-11-23,2025-11-23T00:00:00Z,37,1
2025-11-24,2025-11-24T00:00:00Z,3,3
2025-11-25,2025-11-25T00:00:00Z,10,6
2025-11-26,2025-11-26T00:00:00Z,4,3
2025-11-27,2025-11-27T00:00:00Z,2,1
2025-11-28,2025-11-28T00:00:00Z,1,1
2025-12-01,2025-12-01T00:00:00Z,2,2
2025-12-02,2025-12-02T00:00:00Z,10,6
2025-12-03,2025-12-03T00:00:00Z,10,5
2025-12-04,2025-12-04T00:00:00Z,3,3
2025-12-05,2025-12-05T00:00:00Z,4,2
2025-12-08,2025-12-08T00:00:00Z,3,2
2025-12-09,2025-12-09T00:00:00Z,5,5
2025-12-10,2025-12-10T00:00:00Z,10,7
2025-12-11,2025-12-11T00:00:00Z,3,3
2025-12-12,2025-12-12T00:00:00Z,5,4
2025-12-16,2025-12-16T00:00:00Z,5,5
2025-12-17,2025-12-17T00:00:00Z,3,3
2025-12-18,2025-12-18T00:00:00Z,1,1
2025-12-19,2025-12-19T00:00:00Z,2,2
2025-12-22,2025-12-22T00:00:00Z,3,1
2025-12-23,2025-12-23T00:00:00Z,1,1
2025-12-24,2025-12-24T00:00:00Z,1,1
2025-12-27,2025-12-27T00:00:00Z,1,1
2025-12-29,2025-12-29T00:00:00Z,1,1
2025-12-20,2025-12-20T00:00:00Z,0,0
2025-12-21,2025-12-21T00:00:00Z,0,0
2025-12-25,2025-12-25T00:00:00Z,0,0
2025-12-26,2025-12-26T00:00:00Z,0,0
2025-12-28,2025-12-28T00:00:00Z,0,0
2025-12-30,2025-12-30T00:00:00Z,0,0
2025-12-31,2025-12-31T00:00:00Z,0,0
2026-01-01,2026-01-01T00:00:00Z,0,0
2026-01-02,2026-01-02T00:00:00Z,2,2
2026-01-03,2026-01-03T00:00:00Z,1,1
2026-01-04,2026-01-04T00:00:00Z,0,0
2026-01-05,2026-01-05T00:00:00Z,5,3
2026-01-06,2026-01-06T00:00:00Z,6,3
2026-01-07,2026-01-07T00:00:00Z,4,3
2026-01-08,2026-01-08T00:00:00Z,1,1
2026-01-09,2026-01-09T00:00:00Z,3,2
2026-01-10,2026-01-10T00:00:00Z,0,0
2026-01-11,2026-01-11T00:00:00Z,0,0
2026-01-12,2026-01-12T00:00:00Z,10,4
2026-01-13,2026-01-13T00:00:00Z,3,2
2026-01-14,2026-01-14T00:00:00Z,17,4
2026-01-15,2026-01-15T00:00:00Z,1,1
2026-01-16,2026-01-16T00:00:00Z,1,1
2026-01-17,2026-01-17T00:00:00Z,0,0
2026-01-18,2026-01-18T00:00:00Z,0,0
2026-01-19,2026-01-19T00:00:00Z,1,1
2026-01-20,2026-01-20T00:00:00Z,3,2
2026-01-21,2026-01-21T00:00:00Z,5,5
2026-01-22,2026-01-22T00:00:00Z,0,0
2026-01-23,2026-01-23T00:00:00Z,1,1
2026-01-24,2026-01-24T00:00:00Z,1,1
2026-01-25,2026-01-25T00:00:00Z,2,2
2026-01-26,2026-01-26T00:00:00Z,1,1
2026-01-27,2026-01-27T00:00:00Z,10,2
2026-01-28,2026-01-28T00:00:00Z,10,7
2026-01-29,2026-01-29T00:00:00Z,2,2
2026-01-30,2026-01-30T00:00:00Z,3,3
2026-01-31,2026-01-31T00:00:00Z,0,0
2026-02-01,2026-02-01T00:00:00Z,0,0
2026-02-02,2026-02-02T00:00:00Z,8,3
2026-02-03,2026-02-03T00:00:00Z,1,1
2026-02-04,2026-02-04T00:00:00Z,2,2
2026-02-05,2026-02-05T00:00:00Z,1,1
2026-02-06,2026-02-06T00:00:00Z,1,1
2026-02-07,2026-02-07T00:00:00Z,0,0
2026-02-08,2026-02-08T00:00:00Z,0,0
2026-02-09,2026-02-09T00:00:00Z,3,1
2026-02-10,2026-02-10T00:00:00Z,2,1
2026-02-11,2026-02-11T00:00:00Z,2,2
2026-02-12,2026-02-12T00:00:00Z,4,4
2026-02-13,2026-02-13T00:00:00Z,3,1
2026-02-14,2026-02-14T00:00:00Z,1,1
2026-02-15,2026-02-15T00:00:00Z,0,0
2026-02-16,2026-02-16T00:00:00Z,0,0
2026-02-17,2026-02-17T00:00:00Z,1,1
2026-02-18,2026-02-18T00:00:00Z,5,3
2026-02-19,2026-02-19T00:00:00Z,0,0
2026-02-20,2026-02-20T00:00:00Z,0,0
2026-02-21,2026-02-21T00:00:00Z,0,0
2026-02-22,2026-02-22T00:00:00Z,0,0
2026-02-23,2026-02-23T00:00:00Z,1,1
2026-02-24,2026-02-24T00:00:00Z,2,2
2026-02-25,2026-02-25T00:00:00Z,7,3
2026-02-26,2026-02-26T00:00:00Z,1,1
2026-02-27,2026-02-27T00:00:00Z,0,0
2026-02-28,2026-02-28T00:00:00Z,0,0
2026-03-01,2026-03-01T00:00:00Z,0,0
2026-03-02,2026-03-02T00:00:00Z,2,2
2026-03-03,2026-03-03T00:00:00Z,0,0
2026-03-04,2026-03-04T00:00:00Z,0,0
2026-03-05,2026-03-05T00:00:00Z,1,1
2026-03-06,2026-03-06T00:00:00Z,5,4
2026-03-07,2026-03-07T00:00:00Z,0,0
2026-03-08,2026-03-08T00:00:00Z,0,0
2026-03-09,2026-03-09T00:00:00Z,0,0
2026-03-10,2026-03-10T00:00:00Z,8,4
2026-03-11,2026-03-11T00:00:00Z,2,2
2026-03-12,2026-03-12T00:00:00Z,0,0
2026-03-13,2026-03-13T00:00:00Z,0,0
2026-03-14,2026-03-14T00:00:00Z,0,0
2026-03-15,2026-03-15T00:00:00Z,0,0
2026-03-16,2026-03-16T00:00:00Z,0,0
2026-03-17,2026-03-17T00:00:00Z,2,2
2026-03-18,2026-03-18T00:00:00Z,2,1
2026-03-19,2026-03-19T00:00:00Z,0,0
2026-03-20,2026-03-20T00:00:00Z,0,0
2026-03-21,2026-03-21T00:00:00Z,0,0
2026-03-22,2026-03-22T00:00:00Z,0,0
2026-03-23,2026-03-23T00:00:00Z,1,1
2026-03-24,2026-03-24T00:00:00Z,0,0
2026-03-25,2026-03-25T00:00:00Z,0,0
2026-03-26,2026-03-26T00:00:00Z,1,1
2026-03-27,2026-03-27T00:00:00Z,0,0
2026-03-28,2026-03-28T00:00:00Z,0,0
2026-03-29,2026-03-29T00:00:00Z,1,1
2026-03-30,2026-03-30T00:00:00Z,0,0
2026-03-31,2026-03-31T00:00:00Z,0,0
2026-04-01,2026-04-01T00:00:00Z,1,1
2026-04-02,2026-04-02T00:00:00Z,0,0
2026-04-03,2026-04-03T00:00:00Z,0,0
2026-04-04,2026-04-04T00:00:00Z,0,0
2026-04-05,2026-04-05T00:00:00Z,1,1
2026-04-06,2026-04-06T00:00:00Z,0,0
2026-04-07,2026-04-07T00:00:00Z,0,0
2026-04-08,2026-04-08T00:00:00Z,0,0
2026-04-09,2026-04-09T00:00:00Z,0,0
2026-04-10,2026-04-10T00:00:00Z,0,0
2026-04-11,2026-04-11T00:00:00Z,0,0
2026-04-12,2026-04-12T00:00:00Z,0,0
2026-04-13,2026-04-13T00:00:00Z,3,2
2026-04-14,2026-04-14T00:00:00Z,10,4
2026-04-15,2026-04-15T00:00:00Z,5,3
2026-04-16,2026-04-16T00:00:00Z,0,0
2026-04-17,2026-04-17T00:00:00Z,0,0
2026-04-18,2026-04-18T00:00:00Z,0,0
2026-04-19,2026-04-19T00:00:00Z,0,0
2026-04-20,2026-04-20T00:00:00Z,1,1
2026-04-21,2026-04-21T00:00:00Z,1,1
2026-04-22,2026-04-22T00:00:00Z,2,2
2026-04-23,2026-04-23T00:00:00Z,2,2
2026-04-24,2026-04-24T00:00:00Z,2,2
2026-04-25,2026-04-25T00:00:00Z,0,0
2026-04-26,2026-04-26T00:00:00Z,0,0
2026-04-27,2026-04-27T00:00:00Z,2,2
2026-04-28,2026-04-28T00:00:00Z,2,2
2026-04-29,2026-04-29T00:00:00Z,0,0
2026-04-30,2026-04-30T00:00:00Z,3,3
2026-05-01,2026-05-01T00:00:00Z,0,0
2026-05-02,2026-05-02T00:00:00Z,0,0
2026-05-03,2026-05-03T00:00:00Z,0,0
2026-05-04,2026-05-04T00:00:00Z,0,0
2026-05-05,2026-05-05T00:00:00Z,7,3
2026-05-06,2026-05-06T00:00:00Z,2,2
2026-05-07,2026-05-07T00:00:00Z,1,1
2026-05-08,2026-05-08T00:00:00Z,1,1
2026-05-09,2026-05-09T00:00:00Z,0,0
2026-05-10,2026-05-10T00:00:00Z,1,1
2026-05-11,2026-05-11T00:00:00Z,1,1
2026-05-12,2026-05-12T00:00:00Z,0,0
2026-05-13,2026-05-13T00:00:00Z,0,0
2026-05-14,2026-05-14T00:00:00Z,1,1
2026-05-15,2026-05-15T00:00:00Z,0,0
2026-05-16,2026-05-16T00:00:00Z,0,0
2026-05-17,2026-05-17T00:00:00Z,0,0
2026-05-18,2026-05-18T00:00:00Z,0,0
2026-05-19,2026-05-19T00:00:00Z,0,0
2026-05-20,2026-05-20T00:00:00Z,0,0
2026-05-21,2026-05-21T00:00:00Z,1,1
2026-05-22,2026-05-22T00:00:00Z,0,0
2026-05-23,2026-05-23T00:00:00Z,0,0
2026-05-24,2026-05-24T00:00:00Z,0,0
2026-05-25,2026-05-25T00:00:00Z,0,0
2026-05-26,2026-05-26T00:00:00Z,0,0
2026-05-27,2026-05-27T00:00:00Z,0,0
2026-05-28,2026-05-28T00:00:00Z,0,0
2026-05-29,2026-05-29T00:00:00Z,0,0
2026-05-30,2026-05-30T00:00:00Z,0,0
2026-05-31,2026-05-31T00:00:00Z,1,1
2026-06-01,2026-06-01T00:00:00Z,1,1
2026-06-02,2026-06-02T00:00:00Z,0,0
2026-06-03,2026-06-03T00:00:00Z,0,0
2026-06-04,2026-06-04T00:00:00Z,0,0
2026-06-05,2026-06-05T00:00:00Z,0,0
2026-06-06,2026-06-06T00:00:00Z,0,0
2026-06-07,2026-06-07T00:00:00Z,0,0
2026-06-08,2026-06-08T00:00:00Z,0,0
2026-06-09,2026-06-09T00:00:00Z,0,0
2026-06-10,2026-06-10T00:00:00Z,0,0
2026-06-11,2026-06-11T00:00:00Z,0,0
2026-06-12,2026-06-12T00:00:00Z,0,0
2026-06-13,2026-06-13T00:00:00Z,0,0
2026-06-14,2026-06-14T00:00:00Z,0,0
2026-06-15,2026-06-15T00:00:00Z,1,1
2026-06-16,2026-06-16T00:00:00Z,1,1
2026-06-17,2026-06-17T00:00:00Z,0,0
2026-06-18,2026-06-18T00:00:00Z,13,6
2026-06-19,2026-06-19T00:00:00Z,0,0
2026-06-20,2026-06-20T00:00:00Z,1,1
2026-06-21,2026-06-21T00:00:00Z,0,0
2026-06-22,2026-06-22T00:00:00Z,0,0
2026-06-23,2026-06-23T00:00:00Z,0,0
2026-06-24,2026-06-24T00:00:00Z,1,1
2026-06-25,2026-06-25T00:00:00Z,6,2
2026-06-26,2026-06-26T00:00:00Z,0,0
2026-06-27,2026-06-27T00:00:00Z,0,0
2026-06-28,2026-06-28T00:00:00Z,0,0
2026-06-29,2026-06-29T00:00:00Z,0,0
2026-06-30,2026-06-30T00:00:00Z,0,0
2026-07-01,2026-07-01T00:00:00Z,1,1
2026-07-02,2026-07-02T00:00:00Z,0,0
2026-07-03,2026-07-03T00:00:00Z,1,1
2026-07-04,2026-07-04T00:00:00Z,0,0
2026-07-05,2026-07-05T00:00:00Z,0,0
2026-07-06,2026-07-06T00:00:00Z,1,1
2026-07-07,2026-07-07T00:00:00Z,0,0
2026-07-08,2026-07-08T00:00:00Z,2,2
2026-07-09,2026-07-09T00:00:00Z,0,0
2026-07-10,2026-07-10T00:00:00Z,0,0
2026-07-11,2026-07-11T00:00:00Z,0,0
2026-07-12,2026-07-12T00:00:00Z,0,0
2026-07-13,2026-07-13T00:00:00Z,1,1
2026-07-14,2026-07-14T00:00:00Z,2,2
2026-07-15,2026-07-15T00:00:00Z,0,0
2026-07-16,2026-07-16T00:00:00Z,2,2
2026-07-17,2026-07-17T00:00:00Z,3,3
2026-07-18,2026-07-18T00:00:00Z,0,0
2026-07-19,2026-07-19T00:00:00Z,0,0
2026-07-20,2026-07-20T00:00:00Z,16,2
2026-07-21,2026-07-21T00:00:00Z,1,1
2026-07-22,2026-07-22T00:00:00Z,6,2
2026-07-23,2026-07-23T00:00:00Z,2,1
2026-07-24,2026-07-24T00:00:00Z,4,2
2026-07-25,2026-07-25T00:00:00Z,0,0
2026-07-26,2026-07-26T00:00:00Z,1,1
2026-07-27,2026-07-27T00:00:00Z,1,1
2026-07-28,2026-07-28T00:00:00Z,0,0
2026-07-29,2026-07-29T00:00:00Z,3,3
2026-07-30,2026-07-30T00:00:00Z,7,3
2026-07-31,2026-07-31T00:00:00Z,3,2
2026-08-01,2026-08-01T00:00:00Z,0,0
2026-08-02,2026-08-02T00:00:00Z,0,0
2026-08-03,2026-08-03T00:00:00Z,2,2
2026-08-04,2026-08-04T00:00:00Z,0,0
2026-08-05,2026-08-05T00:00:00Z,2,1
2026-08-06,2026-08-06T00:00:00Z,3,3
2026-08-07,2026-08-07T00:00:00Z,0,0
2026-08-08,2026-08-08T00:00:00Z,0,0
