date,path,title,count,uniques
2026-01-01,/nasuni-labs/nasuni-mcp-desktop,nasuni-labs/nasuni-mcp-desktop: A local Model Context Protocol (MCP) Server S...,9,8
2026-01-01,/nasuni-labs/nasuni-mcp-desktop/community,Community Standards · GitHub,1,1
2026-01-01,/nasuni-labs/nasuni-mcp-desktop/network,Network Graph · nasuni-labs/nasuni-mcp-desktop · GitHub,1,1
2026-01-01,/nasuni-labs/nasuni-mcp-desktop/tree/main/mcp,nasuni-mcp-desktop/mcp at main · nasuni-labs/nasuni-mcp-desktop,1,1
2026-01-01,/nasuni-labs/nasuni-mcp-desktop/tree/main/mcp/app,nasuni-mcp-desktop/mcp/app at main · nasuni-labs/nasuni-mcp-desktop,1,1
2026-01-02,/nasuni-labs/nasuni-mcp-desktop,nasuni-labs/nasuni-mcp-desktop: A local Model Context Protocol (MCP) Server S...,8,8
2026-01-02,/nasuni-labs/nasuni-mcp-desktop/tree/main/mcp,nasuni-mcp-desktop/mcp at main · nasuni-labs/nasuni-mcp-desktop,1,1
2026-01-02,/nasuni-labs/nasuni-mcp-desktop/tree/main/mcp/app,nasuni-mcp-desktop/mcp/app at main · nasuni-labs/nasuni-mcp-desktop,1,1
2026-01-03,/nasuni-labs/nasuni-mcp-desktop,nasuni-labs/nasuni-mcp-desktop: A local Model Context Protocol (MCP) Server S...,7,7
2026-01-03,/nasuni-labs/nasuni-mcp-desktop/tree/main/mcp,nasuni-mcp-desktop/mcp at main · nasuni-labs/nasuni-mcp-desktop,1,1
2026-01-03,/nasuni-labs/nasuni-mcp-desktop/tree/main/mcp/app,nasuni-mcp-desktop/mcp/app at main · nasuni-labs/nasuni-mcp-desktop,1,1
2026-01-04,/nasuni-labs/nasuni-mcp-desktop,nasuni-labs/nasuni-mcp-desktop: A local Model Context Protocol (MCP) Server S...,7,6
2026-01-04,/nasuni-labs/nasuni-mcp-desktop/tree/main/mcp,nasuni-mcp-desktop/mcp at main · nasuni-labs/nasuni-mcp-desktop,1,1
2026-01-04,/nasuni-labs/nasuni-mcp-desktop/tree/main/mcp/app,nasuni-mcp-desktop/mcp/app at main · nasuni-labs/nasuni-mcp-desktop,1,1
2026-01-05,/nasuni-labs/nasuni-mcp-desktop,nasuni-labs/nasuni-mcp-desktop: A local Model Context Protocol (MCP) Server S...,8,6
2026-01-05,/nasuni-labs/nasuni-mcp-desktop/tree/main/mcp,nasuni-mcp-desktop/mcp at main · nasuni-labs/nasuni-mcp-desktop,1,1
2026-01-05,/nasuni-labs/nasuni-mcp-desktop/tree/main/mcp/app,nasuni-mcp-desktop/mcp/app at main · nasuni-labs/nasuni-mcp-desktop,1,1
2026-01-06,/nasuni-labs/nasuni-mcp-desktop,nasuni-labs/nasuni-mcp-desktop: A local Model Context Protocol (MCP) Server S...,8,6
2026-01-06,/nasuni-labs/nasuni-mcp-desktop/tree/main/mcp,nasuni-mcp-desktop/mcp at main · nasuni-labs/nasuni-mcp-desktop,1,1
2026-01-06,/nasuni-labs/nasuni-mcp-desktop/tree/main/mcp/app,nasuni-mcp-desktop/mcp/app at main · nasuni-labs/nasuni-mcp-desktop,1,1
2026-01-07,/nasuni-labs/nasuni-mcp-desktop,nasuni-labs/nasuni-mcp-desktop: A local Model Context Protocol (MCP) Server S...,12,8
2026-01-08,/nasuni-labs/nasuni-mcp-desktop,nasuni-labs/nasuni-mcp-desktop: A local Model Context Protocol (MCP) Server S...,14,9
2026-01-08,/nasuni-labs/nasuni-mcp-desktop/blob/main/nasuni-mcp-desktop-solution.dxt,nasuni-mcp-desktop/nasuni-mcp-desktop-solution.dxt at main · nasuni-labs/nasu...,1,1
2026-01-08,/nasuni-labs/nasuni-mcp-desktop/graphs/contributors,Contributors to nasuni-labs/nasuni-mcp-desktop,1,1
2026-01-08,/nasuni-labs/nasuni-mcp-desktop/tree/main,nasuni-labs/nasuni-mcp-desktop: A local Model Context Protocol (MCP) Server S...,1,1
2026-01-09,/nasuni-labs/nasuni-mcp-desktop,nasuni-labs/nasuni-mcp-desktop: A local Model Context Protocol (MCP) Server S...,16,10
2026-01-09,/nasuni-labs/nasuni-mcp-desktop/blob/main/README.md,nasuni-mcp-desktop/README.md at main · nasuni-labs/nasuni-mcp-desktop · GitHub,1,1
2026-01-09,/nasuni-labs/nasuni-mcp-desktop/blob/main/nasuni-mcp-desktop-solution.dxt,nasuni-mcp-desktop/nasuni-mcp-desktop-solution.dxt at main · nasuni-labs/nasu...,1,1
2026-01-09,/nasuni-labs/nasuni-mcp-desktop/graphs/contributors,Contributors to nasuni-labs/nasuni-mcp-desktop,1,1
2026-01-09,/nasuni-labs/nasuni-mcp-desktop/tree/main,nasuni-labs/nasuni-mcp-desktop: A local Model Context Protocol (MCP) Server S...,1,1
2026-01-10,/nasuni-labs/nasuni-mcp-desktop,nasuni-labs/nasuni-mcp-desktop: A local Model Context Protocol (MCP) Server S...,17,11
2026-01-10,/nasuni-labs/nasuni-mcp-desktop/blob/main/README.md,nasuni-mcp-desktop/README.md at main · nasuni-labs/nasuni-mcp-desktop · GitHub,1,1
2026-01-10,/nasuni-labs/nasuni-mcp-desktop/blob/main/nasuni-mcp-desktop-solution.dxt,nasuni-mcp-desktop/nasuni-mcp-desktop-solution.dxt at main · nasuni-labs/nasu...,1,1
2026-01-10,/nasuni-labs/nasuni-mcp-desktop/graphs/contributors,Contributors to nasuni-labs/nasuni-mcp-desktop,1,1
2026-01-10,/nasuni-labs/nasuni-mcp-desktop/tree/main,nasuni-labs/nasuni-mcp-desktop: A local Model Context Protocol (MCP) Server S...,1,1
2026-01-11,/nasuni-labs/nasuni-mcp-desktop,nasuni-labs/nasuni-mcp-desktop: A local Model Context Protocol (MCP) Server S...,19,12
2026-01-11,/nasuni-labs/nasuni-mcp-desktop/blob/main/README.md,nasuni-mcp-desktop/README.md at main · nasuni-labs/nasuni-mcp-desktop · GitHub,1,1
2026-01-11,/nasuni-labs/nasuni-mcp-desktop/blob/main/icon.png,nasuni-mcp-desktop/icon.png at main · nasuni-labs/nasuni-mcp-desktop · GitHub,1,1
2026-01-11,/nasuni-labs/nasuni-mcp-desktop/blob/main/nasuni-mcp-desktop-solution.dxt,nasuni-mcp-desktop/nasuni-mcp-desktop-solution.dxt at main · nasuni-labs/nasu...,1,1
2026-01-11,/nasuni-labs/nasuni-mcp-desktop/graphs/contributors,Contributors to nasuni-labs/nasuni-mcp-desktop,1,1
2026-01-11,/nasuni-labs/nasuni-mcp-desktop/tree/main,nasuni-labs/nasuni-mcp-desktop: A local Model Context Protocol (MCP) Server S...,1,1
2026-01-12,/nasuni-labs/nasuni-mcp-desktop,nasuni-labs/nasuni-mcp-desktop: A local Model Context Protocol (MCP) Server S...,18,11
2026-01-12,/nasuni-labs/nasuni-mcp-desktop/blob/main/README.md,nasuni-mcp-desktop/README.md at main · nasuni-labs/nasuni-mcp-desktop · GitHub,1,1
2026-01-12,/nasuni-labs/nasuni-mcp-desktop/blob/main/icon.png,nasuni-mcp-desktop/icon.png at main · nasuni-labs/nasuni-mcp-desktop · GitHub,1,1
2026-01-12,/nasuni-labs/nasuni-mcp-desktop/blob/main/nasuni-mcp-desktop-solution.dxt,nasuni-mcp-desktop/nasuni-mcp-desktop-solution.dxt at main · nasuni-labs/nasu...,1,1
2026-01-12,/nasuni-labs/nasuni-mcp-desktop/graphs/contributors,Contributors to nasuni-labs/nasuni-mcp-desktop,1,1
2026-01-12,/nasuni-labs/nasuni-mcp-desktop/tree/main,nasuni-labs/nasuni-mcp-desktop: A local Model Context Protocol (MCP) Server S...,1,1
2026-01-13,/nasuni-labs/nasuni-mcp-desktop,nasuni-labs/nasuni-mcp-desktop: A local Model Context Protocol (MCP) Server S...,18,11
2026-01-13,/nasuni-labs/nasuni-mcp-desktop/blob/main/README.md,nasuni-mcp-desktop/README.md at main · nasuni-labs/nasuni-mcp-desktop · GitHub,1,1
2026-01-13,/nasuni-labs/nasuni-mcp-desktop/blob/main/icon.png,nasuni-mcp-desktop/icon.png at main · nasuni-labs/nasuni-mcp-desktop · GitHub,1,1
2026-01-13,/nasuni-labs/nasuni-mcp-desktop/blob/main/nasuni-mcp-desktop-solution.dxt,nasuni-mcp-desktop/nasuni-mcp-desktop-solution.dxt at main · nasuni-labs/nasu...,1,1
2026-01-13,/nasuni-labs/nasuni-mcp-desktop/graphs/contributors,Contributors to nasuni-labs/nasuni-mcp-desktop,1,1
2026-01-13,/nasuni-labs/nasuni-mcp-desktop/tree/main,nasuni-labs/nasuni-mcp-desktop: A local Model Context Protocol (MCP) Server S...,1,1
2026-01-14,/nasuni-labs/nasuni-mcp-desktop,nasuni-labs/nasuni-mcp-desktop: A local Model Context Protocol (MCP) Server S...,21,14
2026-01-14,/nasuni-labs/nasuni-mcp-desktop/blob/main/nasuni-mcp-desktop-solution.dxt,nasuni-mcp-desktop/nasuni-mcp-desktop-solution.dxt at main · nasuni-labs/nasu...,4,2
2026-01-14,/nasuni-labs/nasuni-mcp-desktop/tree/main,nasuni-labs/nasuni-mcp-desktop: A local Model Context Protocol (MCP) Server S...,2,2
2026-01-14,/nasuni-labs/nasuni-mcp-desktop/blob/ba386135df455a04707f488e0ab4cd0086cc531e/nasuni-mcp-desktop-solution.dxt,nasuni-mcp-desktop/nasuni-mcp-desktop-solution.dxt at ba386135df455a04707f488...,1,1
2026-01-14,/nasuni-labs/nasuni-mcp-desktop/blob/main/README.md,nasuni-mcp-desktop/README.md at main · nasuni-labs/nasuni-mcp-desktop · GitHub,1,1
2026-01-14,/nasuni-labs/nasuni-mcp-desktop/blob/main/icon.png,nasuni-mcp-desktop/icon.png at main · nasuni-labs/nasuni-mcp-desktop · GitHub,1,1
2026-01-14,/nasuni-labs/nasuni-mcp-desktop/commit/ba386135df455a04707f488e0ab4cd0086cc531e,Rename nasuni-mcp-server.dxt to nasuni-mcp-desktop-solution.dxt · nasuni-labs...,1,1
2026-01-14,/nasuni-labs/nasuni-mcp-desktop/graphs/contributors,Contributors to nasuni-labs/nasuni-mcp-desktop,1,1
2026-01-15,/nasuni-labs/nasuni-mcp-desktop,nasuni-labs/nasuni-mcp-desktop: A local Model Context Protocol (MCP) Server S...,23,14
2026-01-15,/nasuni-labs/nasuni-mcp-desktop/blob/main/nasuni-mcp-desktop-solution.dxt,nasuni-mcp-desktop/nasuni-mcp-desktop-solution.dxt at main · nasuni-labs/nasu...,4,2
2026-01-15,/nasuni-labs/nasuni-mcp-desktop/tree/main,nasuni-labs/nasuni-mcp-desktop: A local Model Context Protocol (MCP) Server S...,2,2
2026-01-15,/nasuni-labs/nasuni-mcp-desktop/blob/ba386135df455a04707f488e0ab4cd0086cc531e/nasuni-mcp-desktop-solution.dxt,nasuni-mcp-desktop/nasuni-mcp-desktop-solution.dxt at ba386135df455a04707f488...,1,1
2026-01-15,/nasuni-labs/nasuni-mcp-desktop/blob/main/README.md,nasuni-mcp-desktop/README.md at main · nasuni-labs/nasuni-mcp-desktop · GitHub,1,1
2026-01-15,/nasuni-labs/nasuni-mcp-desktop/blob/main/icon.png,nasuni-mcp-desktop/icon.png at main · nasuni-labs/nasuni-mcp-desktop · GitHub,1,1
2026-01-15,/nasuni-labs/nasuni-mcp-desktop/commit/ba386135df455a04707f488e0ab4cd0086cc531e,Rename nasuni-mcp-server.dxt to nasuni-mcp-desktop-solution.dxt · nasuni-labs...,1,1
2026-01-15,/nasuni-labs/nasuni-mcp-desktop/graphs/contributors,Contributors to nasuni-labs/nasuni-mcp-desktop,1,1
2026-01-15,/nasuni-labs/nasuni-mcp-desktop/tree/main/mcp,nasuni-mcp-desktop/mcp at main · nasuni-labs/nasuni-mcp-desktop,1,1
2026-01-16,/nasuni-labs/nasuni-mcp-desktop,nasuni-labs/nasuni-mcp-desktop: A local Model Context Protocol (MCP) Server S...,33,18
2026-01-16,/nasuni-labs/nasuni-mcp-desktop/blob/main/README.md,nasuni-mcp-desktop/README.md at main · nasuni-labs/nasuni-mcp-desktop · GitHub,4,2
2026-01-16,/nasuni-labs/nasuni-mcp-desktop/blob/main/nasuni-mcp-desktop-solution.dxt,nasuni-mcp-desktop/nasuni-mcp-desktop-solution.dxt at main · nasuni-labs/nasu...,4,2
2026-01-16,/nasuni-labs/nasuni-mcp-desktop/edit/main/README.md,Editing nasuni-mcp-desktop/README.md at main · nasuni-labs/nasuni-mcp-desktop,3,1
2026-01-16,/nasuni-labs/nasuni-mcp-desktop/tree/main,nasuni-labs/nasuni-mcp-desktop: A local Model Context Protocol (MCP) Server S...,2,2
2026-01-16,/nasuni-labs/nasuni-mcp-desktop/blob/ba386135df455a04707f488e0ab4cd0086cc531e/nasuni-mcp-desktop-solution.dxt,nasuni-mcp-desktop/nasuni-mcp-desktop-solution.dxt at ba386135df455a04707f488...,1,1
2026-01-16,/nasuni-labs/nasuni-mcp-desktop/blob/main/icon.png,nasuni-mcp-desktop/icon.png at main · nasuni-labs/nasuni-mcp-desktop · GitHub,1,1
2026-01-16,/nasuni-labs/nasuni-mcp-desktop/commit/ba386135df455a04707f488e0ab4cd0086cc531e,Rename nasuni-mcp-server.dxt to nasuni-mcp-desktop-solution.dxt · nasuni-labs...,1,1
2026-01-16,/nasuni-labs/nasuni-mcp-desktop/fork,Fork nasuni-labs/nasuni-mcp-desktop,1,1
2026-01-16,/nasuni-labs/nasuni-mcp-desktop/graphs/contributors,Contributors to nasuni-labs/nasuni-mcp-desktop,1,1
2026-01-17,/nasuni-labs/nasuni-mcp-desktop,nasuni-labs/nasuni-mcp-desktop: A local Model Context Protocol (MCP) Server S...,34,18
2026-01-17,/nasuni-labs/nasuni-mcp-desktop/blob/main/README.md,nasuni-mcp-desktop/README.md at main · nasuni-labs/nasuni-mcp-desktop · GitHub,4,2
2026-01-17,/nasuni-labs/nasuni-mcp-desktop/blob/main/nasuni-mcp-desktop-solution.dxt,nasuni-mcp-desktop/nasuni-mcp-desktop-solution.dxt at main · nasuni-labs/nasu...,4,2
2026-01-17,/nasuni-labs/nasuni-mcp-desktop/edit/main/README.md,Editing nasuni-mcp-desktop/README.md at main · nasuni-labs/nasuni-mcp-desktop,3,1
2026-01-17,/nasuni-labs/nasuni-mcp-desktop/tree/main,nasuni-labs/nasuni-mcp-desktop: A local Model Context Protocol (MCP) Server S...,2,2
2026-01-17,/nasuni-labs/nasuni-mcp-desktop/blob/ba386135df455a04707f488e0ab4cd0086cc531e/nasuni-mcp-desktop-solution.dxt,nasuni-mcp-desktop/nasuni-mcp-desktop-solution.dxt at ba386135df455a04707f488...,1,1
2026-01-17,/nasuni-labs/nasuni-mcp-desktop/blob/main/icon.png,nasuni-mcp-desktop/icon.png at main · nasuni-labs/nasuni-mcp-desktop · GitHub,1,1
2026-01-17,/nasuni-labs/nasuni-mcp-desktop/commit/ba386135df455a04707f488e0ab4cd0086cc531e,Rename nasuni-mcp-server.dxt to nasuni-mcp-desktop-solution.dxt · nasuni-labs...,1,1
2026-01-17,/nasuni-labs/nasuni-mcp-desktop/fork,Fork nasuni-labs/nasuni-mcp-desktop,1,1
2026-01-17,/nasuni-labs/nasuni-mcp-desktop/graphs/contributors,Contributors to nasuni-labs/nasuni-mcp-desktop,1,1
2026-01-18,/nasuni-labs/nasuni-mcp-desktop,nasuni-labs/nasuni-mcp-desktop: A local Model Context Protocol (MCP) Server S...,33,18
2026-01-18,/nasuni-labs/nasuni-mcp-desktop/blob/main/README.md,nasuni-mcp-desktop/README.md at main · nasuni-labs/nasuni-mcp-desktop · GitHub,4,2
2026-01-18,/nasuni-labs/nasuni-mcp-desktop/blob/main/nasuni-mcp-desktop-solution.dxt,nasuni-mcp-desktop/nasuni-mcp-desktop-solution.dxt at main · nasuni-labs/nasu...,4,2
2026-01-18,/nasuni-labs/nasuni-mcp-desktop/edit/main/README.md,Editing nasuni-mcp-desktop/README.md at main · nasuni-labs/nasuni-mcp-desktop,3,1
2026-01-18,/nasuni-labs/nasuni-mcp-desktop/tree/main,nasuni-labs/nasuni-mcp-desktop: A local Model Context Protocol (MCP) Server S...,2,2
2026-01-18,/nasuni-labs/nasuni-mcp-desktop/blob/ba386135df455a04707f488e0ab4cd0086cc531e/nasuni-mcp-desktop-solution.dxt,nasuni-mcp-desktop/nasuni-mcp-desktop-solution.dxt at ba386135df455a04707f488...,1,1
2026-01-18,/nasuni-labs/nasuni-mcp-desktop/blob/main/icon.png,nasuni-mcp-desktop/icon.png at main · nasuni-labs/nasuni-mcp-desktop · GitHub,1,1
2026-01-18,/nasuni-labs/nasuni-mcp-desktop/commit/ba386135df455a04707f488e0ab4cd0086cc531e,Rename nasuni-mcp-server.dxt to nasuni-mcp-desktop-solution.dxt · nasuni-labs...,1,1
2026-01-18,/nasuni-labs/nasuni-mcp-desktop/fork,Fork nasuni-labs/nasuni-mcp-desktop,1,1
2026-01-18,/nasuni-labs/nasuni-mcp-desktop/graphs/contributors,Contributors to nasuni-labs/nasuni-mcp-desktop,1,1
2026-01-19,/nasuni-labs/nasuni-mcp-desktop,nasuni-labs/nasuni-mcp-desktop: A local Model Context Protocol (MCP) Server S...,32,17
2026-01-19,/nasuni-labs/nasuni-mcp-desktop/blob/main/README.md,nasuni-mcp-desktop/README.md at main · nasuni-labs/nasuni-mcp-desktop · GitHub,4,2
2026-01-19,/nasuni-labs/nasuni-mcp-desktop/blob/main/nasuni-mcp-desktop-solution.dxt,nasuni-mcp-desktop/nasuni-mcp-desktop-solution.dxt at main · nasuni-labs/nasu...,4,2
2026-01-19,/nasuni-labs/nasuni-mcp-desktop/edit/main/README.md,Editing nasuni-mcp-desktop/README.md at main · nasuni-labs/nasuni-mcp-desktop,3,1
2026-01-19,/nasuni-labs/nasuni-mcp-desktop/tree/main,nasuni-labs/nasuni-mcp-desktop: A local Model Context Protocol (MCP) Server S...,2,2
2026-01-19,/nasuni-labs/nasuni-mcp-desktop/blob/ba386135df455a04707f488e0ab4cd0086cc531e/nasuni-mcp-desktop-solution.dxt,nasuni-mcp-desktop/nasuni-mcp-desktop-solution.dxt at ba386135df455a04707f488...,1,1
2026-01-19,/nasuni-labs/nasuni-mcp-desktop/blob/main/icon.png,nasuni-mcp-desktop/icon.png at main · nasuni-labs/nasuni-mcp-desktop · GitHub,1,1
2026-01-19,/nasuni-labs/nasuni-mcp-desktop/commit/ba386135df455a04707f488e0ab4cd0086cc531e,Rename nasuni-mcp-server.dxt to nasuni-mcp-desktop-solution.dxt · nasuni-labs...,1,1
2026-01-19,/nasuni-labs/nasuni-mcp-desktop/fork,Fork nasuni-labs/nasuni-mcp-desktop,1,1
2026-01-19,/nasuni-labs/nasuni-mcp-desktop/graphs/contributors,Contributors to nasuni-labs/nasuni-mcp-desktop,1,1
2026-01-20,/nasuni-labs/nasuni-mcp-desktop,nasuni-labs/nasuni-mcp-desktop: A local Model Context Protocol (MCP) Server S...,32,17
2026-01-20,/nasuni-labs/nasuni-mcp-desktop/blob/main/README.md,nasuni-mcp-desktop/README.md at main · nasuni-labs/nasuni-mcp-desktop · GitHub,4,2
2026-01-20,/nasuni-labs/nasuni-mcp-desktop/blob/main/nasuni-mcp-desktop-solution.dxt,nasuni-mcp-desktop/nasuni-mcp-desktop-solution.dxt at main · nasuni-labs/nasu...,4,2
2026-01-20,/nasuni-labs/nasuni-mcp-desktop/edit/main/README.md,Editing nasuni-mcp-desktop/README.md at main · nasuni-labs/nasuni-mcp-desktop,3,1
2026-01-20,/nasuni-labs/nasuni-mcp-desktop/tree/main,nasuni-labs/nasuni-mcp-desktop: A local Model Context Protocol (MCP) Server S...,2,2
2026-01-20,/nasuni-labs/nasuni-mcp-desktop/blob/ba386135df455a04707f488e0ab4cd0086cc531e/nasuni-mcp-desktop-solution.dxt,nasuni-mcp-desktop/nasuni-mcp-desktop-solution.dxt at ba386135df455a04707f488...,1,1
2026-01-20,/nasuni-labs/nasuni-mcp-desktop/blob/main/icon.png,nasuni-mcp-desktop/icon.png at main · nasuni-labs/nasuni-mcp-desktop · GitHub,1,1
2026-01-20,/nasuni-labs/nasuni-mcp-desktop/commit/ba386135df455a04707f488e0ab4cd0086cc531e,Rename nasuni-mcp-server.dxt to nasuni-mcp-desktop-solution.dxt · nasuni-labs...,1,1
2026-01-20,/nasuni-labs/nasuni-mcp-desktop/fork,Fork nasuni-labs/nasuni-mcp-desktop,1,1
2026-01-20,/nasuni-labs/nasuni-mcp-desktop/graphs/contributors,Contributors to nasuni-labs/nasuni-mcp-desktop,1,1
2026-01-21,/nasuni-labs/nasuni-mcp-desktop,nasuni-labs/nasuni-mcp-desktop: A local Model Context Protocol (MCP) Server S...,28,17
2026-01-21,/nasuni-labs/nasuni-mcp-desktop/blob/main/README.md,nasuni-mcp-desktop/README.md at main · nasuni-labs/nasuni-mcp-desktop · GitHub,4,2
2026-01-21,/nasuni-labs/nasuni-mcp-desktop/blob/main/nasuni-mcp-desktop-solution.dxt,nasuni-mcp-desktop/nasuni-mcp-desktop-solution.dxt at main · nasuni-labs/nasu...,4,2
2026-01-21,/nasuni-labs/nasuni-mcp-desktop/edit/main/README.md,Editing nasuni-mcp-desktop/README.md at main · nasuni-labs/nasuni-mcp-desktop,3,1
2026-01-21,/nasuni-labs/nasuni-mcp-desktop/tree/main,nasuni-labs/nasuni-mcp-desktop: A local Model Context Protocol (MCP) Server S...,2,2
2026-01-21,/nasuni-labs/nasuni-mcp-desktop/blob/ba386135df455a04707f488e0ab4cd0086cc531e/nasuni-mcp-desktop-solution.dxt,nasuni-mcp-desktop/nasuni-mcp-desktop-solution.dxt at ba386135df455a04707f488...,1,1
2026-01-21,/nasuni-labs/nasuni-mcp-desktop/blob/main/icon.png,nasuni-mcp-desktop/icon.png at main · nasuni-labs/nasuni-mcp-desktop · GitHub,1,1
2026-01-21,/nasuni-labs/nasuni-mcp-desktop/commit/ba386135df455a04707f488e0ab4cd0086cc531e,Rename nasuni-mcp-server.dxt to nasuni-mcp-desktop-solution.dxt · nasuni-labs...,1,1
2026-01-21,/nasuni-labs/nasuni-mcp-desktop/fork,Fork nasuni-labs/nasuni-mcp-desktop,1,1
2026-01-21,/nasuni-labs/nasuni-mcp-desktop/graphs/contributors,Contributors to nasuni-labs/nasuni-mcp-desktop,1,1
2026-01-22,/nasuni-labs/nasuni-mcp-desktop,nasuni-labs/nasuni-mcp-desktop: A local Model Context Protocol (MCP) Server S...,28,17
2026-01-22,/nasuni-labs/nasuni-mcp-desktop/blob/main/README.md,nasuni-mcp-desktop/README.md at main · nasuni-labs/nasuni-mcp-desktop · GitHub,4,2
2026-01-22,/nasuni-labs/nasuni-mcp-desktop/blob/main/nasuni-mcp-desktop-solution.dxt,nasuni-mcp-desktop/nasuni-mcp-desktop-solution.dxt at main · nasuni-labs/nasu...,3,1
2026-01-22,/nasuni-labs/nasuni-mcp-desktop/edit/main/README.md,Editing nasuni-mcp-desktop/README.md at main · nasuni-labs/nasuni-mcp-desktop,3,1
2026-01-22,/nasuni-labs/nasuni-mcp-desktop/blob/ba386135df455a04707f488e0ab4cd0086cc531e/nasuni-mcp-desktop-solution.dxt,nasuni-mcp-desktop/nasuni-mcp-desktop-solution.dxt at ba386135df455a04707f488...,1,1
2026-01-22,/nasuni-labs/nasuni-mcp-desktop/blob/main/icon.png,nasuni-mcp-desktop/icon.png at main · nasuni-labs/nasuni-mcp-desktop · GitHub,1,1
2026-01-22,/nasuni-labs/nasuni-mcp-desktop/commit/ba386135df455a04707f488e0ab4cd0086cc531e,Rename nasuni-mcp-server.dxt to nasuni-mcp-desktop-solution.dxt · nasuni-labs...,1,1
2026-01-22,/nasuni-labs/nasuni-mcp-desktop/fork,Fork nasuni-labs/nasuni-mcp-desktop,1,1
2026-01-22,/nasuni-labs/nasuni-mcp-desktop/tree/main,GitHub - nasuni-labs/nasuni-mcp-desktop: A local Model Context Protocol (MCP)...,1,1
2026-01-22,/nasuni-labs/nasuni-mcp-desktop/tree/main/mcp,nasuni-mcp-desktop/mcp at main · nasuni-labs/nasuni-mcp-desktop,1,1
2026-01-23,/nasuni-labs/nasuni-mcp-desktop,nasuni-labs/nasuni-mcp-desktop: A local Model Context Protocol (MCP) Server S...,30,20
2026-01-23,/nasuni-labs/nasuni-mcp-desktop/blob/main/README.md,Editing nasuni-mcp-desktop/README.md at main · nasuni-labs/nasuni-mcp-desktop,3,1
2026-01-23,/nasuni-labs/nasuni-mcp-desktop/blob/main/nasuni-mcp-desktop-solution.dxt,nasuni-mcp-desktop/nasuni-mcp-desktop-solution.dxt at main · nasuni-labs/nasu...,3,1
2026-01-23,/nasuni-labs/nasuni-mcp-desktop/edit/main/README.md,Editing nasuni-mcp-desktop/README.md at main · nasuni-labs/nasuni-mcp-desktop,3,1
2026-01-23,/nasuni-labs/nasuni-mcp-desktop/blob/ba386135df455a04707f488e0ab4cd0086cc531e/nasuni-mcp-desktop-solution.dxt,nasuni-mcp-desktop/nasuni-mcp-desktop-solution.dxt at ba386135df455a04707f488...,1,1
2026-01-23,/nasuni-labs/nasuni-mcp-desktop/blob/main/icon.png,nasuni-mcp-desktop/icon.png at main · nasuni-labs/nasuni-mcp-desktop · GitHub,1,1
2026-01-23,/nasuni-labs/nasuni-mcp-desktop/commit/ba386135df455a04707f488e0ab4cd0086cc531e,Rename nasuni-mcp-server.dxt to nasuni-mcp-desktop-solution.dxt · nasuni-labs...,1,1
2026-01-23,/nasuni-labs/nasuni-mcp-desktop/fork,Fork nasuni-labs/nasuni-mcp-desktop,1,1
2026-01-23,/nasuni-labs/nasuni-mcp-desktop/tree/main,GitHub - nasuni-labs/nasuni-mcp-desktop: A local Model Context Protocol (MCP)...,1,1
2026-01-23,/nasuni-labs/nasuni-mcp-desktop/tree/main/mcp,nasuni-mcp-desktop/mcp at main · nasuni-labs/nasuni-mcp-desktop,1,1
2026-01-24,/nasuni-labs/nasuni-mcp-desktop,nasuni-labs/nasuni-mcp-desktop: A local Model Context Protocol (MCP) Server S...,29,19
2026-01-24,/nasuni-labs/nasuni-mcp-desktop/blob/main/README.md,Editing nasuni-mcp-desktop/README.md at main · nasuni-labs/nasuni-mcp-desktop,3,1
2026-01-24,/nasuni-labs/nasuni-mcp-desktop/blob/main/nasuni-mcp-desktop-solution.dxt,nasuni-mcp-desktop/nasuni-mcp-desktop-solution.dxt at main · nasuni-labs/nasu...,3,1
2026-01-24,/nasuni-labs/nasuni-mcp-desktop/edit/main/README.md,Editing nasuni-mcp-desktop/README.md at main · nasuni-labs/nasuni-mcp-desktop,3,1
2026-01-24,/nasuni-labs/nasuni-mcp-desktop/blob/ba386135df455a04707f488e0ab4cd0086cc531e/nasuni-mcp-desktop-solution.dxt,nasuni-mcp-desktop/nasuni-mcp-desktop-solution.dxt at ba386135df455a04707f488...,1,1
2026-01-24,/nasuni-labs/nasuni-mcp-desktop/blob/main/icon.png,nasuni-mcp-desktop/icon.png at main · nasuni-labs/nasuni-mcp-desktop · GitHub,1,1
2026-01-24,/nasuni-labs/nasuni-mcp-desktop/commit/ba386135df455a04707f488e0ab4cd0086cc531e,Rename nasuni-mcp-server.dxt to nasuni-mcp-desktop-solution.dxt · nasuni-labs...,1,1
2026-01-24,/nasuni-labs/nasuni-mcp-desktop/fork,Fork nasuni-labs/nasuni-mcp-desktop,1,1
2026-01-24,/nasuni-labs/nasuni-mcp-desktop/tree/main,GitHub - nasuni-labs/nasuni-mcp-desktop: A local Model Context Protocol (MCP)...,1,1
2026-01-24,/nasuni-labs/nasuni-mcp-desktop/tree/main/mcp,nasuni-mcp-desktop/mcp at main · nasuni-labs/nasuni-mcp-desktop,1,1
2026-01-25,/nasuni-labs/nasuni-mcp-desktop,nasuni-labs/nasuni-mcp-desktop: A local Model Context Protocol (MCP) Server S...,28,18
2026-01-25,/nasuni-labs/nasuni-mcp-desktop/blob/main/README.md,Editing nasuni-mcp-desktop/README.md at main · nasuni-labs/nasuni-mcp-desktop,3,1
2026-01-25,/nasuni-labs/nasuni-mcp-desktop/blob/main/nasuni-mcp-desktop-solution.dxt,nasuni-mcp-desktop/nasuni-mcp-desktop-solution.dxt at main · nasuni-labs/nasu...,3,1
2026-01-25,/nasuni-labs/nasuni-mcp-desktop/edit/main/README.md,Editing nasuni-mcp-desktop/README.md at main · nasuni-labs/nasuni-mcp-desktop,3,1
2026-01-25,/nasuni-labs/nasuni-mcp-desktop/blob/ba386135df455a04707f488e0ab4cd0086cc531e/nasuni-mcp-desktop-solution.dxt,nasuni-mcp-desktop/nasuni-mcp-desktop-solution.dxt at ba386135df455a04707f488...,1,1
2026-01-25,/nasuni-labs/nasuni-mcp-desktop/commit/ba386135df455a04707f488e0ab4cd0086cc531e,Rename nasuni-mcp-server.dxt to nasuni-mcp-desktop-solution.dxt · nasuni-labs...,1,1
2026-01-25,/nasuni-labs/nasuni-mcp-desktop/fork,Fork nasuni-labs/nasuni-mcp-desktop,1,1
2026-01-25,/nasuni-labs/nasuni-mcp-desktop/tree/main,GitHub - nasuni-labs/nasuni-mcp-desktop: A local Model Context Protocol (MCP)...,1,1
2026-01-25,/nasuni-labs/nasuni-mcp-desktop/tree/main/mcp,nasuni-mcp-desktop/mcp at main · nasuni-labs/nasuni-mcp-desktop,1,1
2026-01-26,/nasuni-labs/nasuni-mcp-desktop,nasuni-labs/nasuni-mcp-desktop: A local Model Context Protocol (MCP) Server S...,29,19
2026-01-26,/nasuni-labs/nasuni-mcp-desktop/blob/main/README.md,Editing nasuni-mcp-desktop/README.md at main · nasuni-labs/nasuni-mcp-desktop,3,1
2026-01-26,/nasuni-labs/nasuni-mcp-desktop/blob/main/nasuni-mcp-desktop-solution.dxt,nasuni-mcp-desktop/nasuni-mcp-desktop-solution.dxt at main · nasuni-labs/nasu...,3,1
2026-01-26,/nasuni-labs/nasuni-mcp-desktop/edit/main/README.md,Editing nasuni-mcp-desktop/README.md at main · nasuni-labs/nasuni-mcp-desktop,3,1
2026-01-26,/nasuni-labs/nasuni-mcp-desktop/blob/ba386135df455a04707f488e0ab4cd0086cc531e/nasuni-mcp-desktop-solution.dxt,nasuni-mcp-desktop/nasuni-mcp-desktop-solution.dxt at ba386135df455a04707f488...,1,1
2026-01-26,/nasuni-labs/nasuni-mcp-desktop/commit/ba386135df455a04707f488e0ab4cd0086cc531e,Rename nasuni-mcp-server.dxt to nasuni-mcp-desktop-solution.dxt · nasuni-labs...,1,1
2026-01-26,/nasuni-labs/nasuni-mcp-desktop/fork,Fork nasuni-labs/nasuni-mcp-desktop,1,1
2026-01-26,/nasuni-labs/nasuni-mcp-desktop/tree/main,GitHub - nasuni-labs/nasuni-mcp-desktop: A local Model Context Protocol (MCP)...,1,1
2026-01-26,/nasuni-labs/nasuni-mcp-desktop/tree/main/mcp,nasuni-mcp-desktop/mcp at main · nasuni-labs/nasuni-mcp-desktop,1,1
2026-01-27,/nasuni-labs/nasuni-mcp-desktop,nasuni-labs/nasuni-mcp-desktop: A local Model Context Protocol (MCP) Server S...,30,20
2026-01-27,/nasuni-labs/nasuni-mcp-desktop/blob/main/README.md,Editing nasuni-mcp-desktop/README.md at main · nasuni-labs/nasuni-mcp-desktop,3,1
2026-01-27,/nasuni-labs/nasuni-mcp-desktop/blob/main/nasuni-mcp-desktop-solution.dxt,nasuni-mcp-desktop/nasuni-mcp-desktop-solution.dxt at main · nasuni-labs/nasu...,3,1
2026-01-27,/nasuni-labs/nasuni-mcp-desktop/edit/main/README.md,Editing nasuni-mcp-desktop/README.md at main · nasuni-labs/nasuni-mcp-desktop,3,1
2026-01-27,/nasuni-labs/nasuni-mcp-desktop/fork,Fork nasuni-labs/nasuni-mcp-desktop,2,1
2026-01-27,/nasuni-labs/nasuni-mcp-desktop/blob/ba386135df455a04707f488e0ab4cd0086cc531e/nasuni-mcp-desktop-solution.dxt,nasuni-mcp-desktop/nasuni-mcp-desktop-solution.dxt at ba386135df455a04707f488...,1,1
2026-01-27,/nasuni-labs/nasuni-mcp-desktop/commit/ba386135df455a04707f488e0ab4cd0086cc531e,Rename nasuni-mcp-server.dxt to nasuni-mcp-desktop-solution.dxt · nasuni-labs...,1,1
2026-01-27,/nasuni-labs/nasuni-mcp-desktop/tree/main,GitHub - nasuni-labs/nasuni-mcp-desktop: A local Model Context Protocol (MCP)...,1,1
2026-01-27,/nasuni-labs/nasuni-mcp-desktop/tree/main/mcp,nasuni-mcp-desktop/mcp at main · nasuni-labs/nasuni-mcp-desktop,1,1
2026-01-28,/nasuni-labs/nasuni-mcp-desktop,nasuni-labs/nasuni-mcp-desktop: A local Model Context Protocol (MCP) Server S...,27,19
2026-01-28,/nasuni-labs/nasuni-mcp-desktop/blob/main/README.md,Editing nasuni-mcp-desktop/README.md at main · nasuni-labs/nasuni-mcp-desktop,3,1
2026-01-28,/nasuni-labs/nasuni-mcp-desktop/edit/main/README.md,Editing nasuni-mcp-desktop/README.md at main · nasuni-labs/nasuni-mcp-desktop,3,1
2026-01-28,/nasuni-labs/nasuni-mcp-desktop/fork,Fork nasuni-labs/nasuni-mcp-desktop,2,1
2026-01-28,/nasuni-labs/nasuni-mcp-desktop/tree/main/mcp,nasuni-mcp-desktop/mcp at main · nasuni-labs/nasuni-mcp-desktop,1,1
2026-01-29,/nasuni-labs/nasuni-mcp-desktop,nasuni-labs/nasuni-mcp-desktop: A local Model Context Protocol (MCP) Server S...,29,19
2026-01-29,/nasuni-labs/nasuni-mcp-desktop/edit/main/README.md,Editing nasuni-mcp-desktop/README.md at main · nasuni-labs/nasuni-mcp-desktop,5,1
2026-01-29,/nasuni-labs/nasuni-mcp-desktop/blob/main/README.md,Editing nasuni-mcp-desktop/README.md at main · nasuni-labs/nasuni-mcp-desktop,4,1
2026-01-29,/nasuni-labs/nasuni-mcp-desktop/fork,Fork nasuni-labs/nasuni-mcp-desktop,2,1
2026-01-29,/nasuni-labs/nasuni-mcp-desktop/compare/main...perrygolianasuni-patch-2,Comparing main...perrygolianasuni-patch-2 · nasuni-labs/nasuni-mcp-desktop,1,1
2026-01-29,/nasuni-labs/nasuni-mcp-desktop/pull/2,Update README.md by perrygolianasuni · Pull Request #2 · nasuni-labs/nasuni-m...,1,1
2026-01-29,/nasuni-labs/nasuni-mcp-desktop/tree/main,nasuni-labs/nasuni-mcp-desktop: A local Model Context Protocol (MCP) Server S...,1,1
2026-01-30,/nasuni-labs/nasuni-mcp-desktop,nasuni-labs/nasuni-mcp-desktop: A local Model Context Protocol (MCP) Server S...,26,21
2026-01-30,/nasuni-labs/nasuni-mcp-desktop/edit/main/README.md,Editing nasuni-mcp-desktop/README.md at main · nasuni-labs/nasuni-mcp-desktop,2,1
2026-01-30,/nasuni-labs/nasuni-mcp-desktop/blob/main/README.md,Editing nasuni-mcp-desktop/README.md at main · nasuni-labs/nasuni-mcp-desktop,1,1
2026-01-30,/nasuni-labs/nasuni-mcp-desktop/blob/main/mcp/server.py,nasuni-mcp-desktop/mcp at main · nasuni-labs/nasuni-mcp-desktop,1,1
2026-01-30,/nasuni-labs/nasuni-mcp-desktop/commits/main,Commits · nasuni-labs/nasuni-mcp-desktop · GitHub,1,1
2026-01-30,/nasuni-labs/nasuni-mcp-desktop/compare/main...perrygolianasuni-patch-2,Comparing main...perrygolianasuni-patch-2 · nasuni-labs/nasuni-mcp-desktop,1,1
2026-01-30,/nasuni-labs/nasuni-mcp-desktop/fork,Fork nasuni-labs/nasuni-mcp-desktop,1,1
2026-01-30,/nasuni-labs/nasuni-mcp-desktop/pull/2,Update README.md by perrygolianasuni · Pull Request #2 · nasuni-labs/nasuni-m...,1,1
2026-01-30,/nasuni-labs/nasuni-mcp-desktop/tree/main,nasuni-labs/nasuni-mcp-desktop: A local Model Context Protocol (MCP) Server S...,1,1
2026-01-30,/nasuni-labs/nasuni-mcp-desktop/tree/main/mcp,nasuni-mcp-desktop/mcp at main · nasuni-labs/nasuni-mcp-desktop,1,1
2026-01-31,/nasuni-labs/nasuni-mcp-desktop,GitHub - nasuni-labs/nasuni-mcp-desktop: A local Model Context Protocol (MCP)...,27,21
2026-01-31,/nasuni-labs/nasuni-mcp-desktop/edit/main/README.md,Editing nasuni-mcp-desktop/README.md at main · nasuni-labs/nasuni-mcp-desktop,2,1
2026-01-31,/nasuni-labs/nasuni-mcp-desktop/blob/main/README.md,Editing nasuni-mcp-desktop/README.md at main · nasuni-labs/nasuni-mcp-desktop,1,1
2026-01-31,/nasuni-labs/nasuni-mcp-desktop/blob/main/mcp/server.py,nasuni-mcp-desktop/mcp at main · nasuni-labs/nasuni-mcp-desktop,1,1
2026-01-31,/nasuni-labs/nasuni-mcp-desktop/commits/main,Commits · nasuni-labs/nasuni-mcp-desktop · GitHub,1,1
2026-01-31,/nasuni-labs/nasuni-mcp-desktop/compare/main...perrygolianasuni-patch-2,Comparing main...perrygolianasuni-patch-2 · nasuni-labs/nasuni-mcp-desktop,1,1
2026-01-31,/nasuni-labs/nasuni-mcp-desktop/fork,Fork nasuni-labs/nasuni-mcp-desktop,1,1
2026-01-31,/nasuni-labs/nasuni-mcp-desktop/pull/2,Update README.md by perrygolianasuni · Pull Request #2 · nasuni-labs/nasuni-m...,1,1
2026-01-31,/nasuni-labs/nasuni-mcp-desktop/tree/main,nasuni-labs/nasuni-mcp-desktop: A local Model Context Protocol (MCP) Server S...,1,1
2026-01-31,/nasuni-labs/nasuni-mcp-desktop/tree/main/mcp,nasuni-mcp-desktop/mcp at main · nasuni-labs/nasuni-mcp-desktop,1,1
2026-02-01,/nasuni-labs/nasuni-mcp-desktop,GitHub - nasuni-labs/nasuni-mcp-desktop: A local Model Context Protocol (MCP)...,29,22
2026-02-01,/nasuni-labs/nasuni-mcp-desktop/edit/main/README.md,Editing nasuni-mcp-desktop/README.md at main · nasuni-labs/nasuni-mcp-desktop,2,1
2026-02-01,/nasuni-labs/nasuni-mcp-desktop/blob/main/README.md,Editing nasuni-mcp-desktop/README.md at main · nasuni-labs/nasuni-mcp-desktop,1,1
2026-02-01,/nasuni-labs/nasuni-mcp-desktop/blob/main/mcp/server.py,nasuni-mcp-desktop/mcp at main · nasuni-labs/nasuni-mcp-desktop,1,1
2026-02-01,/nasuni-labs/nasuni-mcp-desktop/commits/main,Commits · nasuni-labs/nasuni-mcp-desktop · GitHub,1,1
2026-02-01,/nasuni-labs/nasuni-mcp-desktop/compare/main...perrygolianasuni-patch-2,Comparing main...perrygolianasuni-patch-2 · nasuni-labs/nasuni-mcp-desktop,1,1
2026-02-01,/nasuni-labs/nasuni-mcp-desktop/fork,Fork nasuni-labs/nasuni-mcp-desktop,1,1
2026-02-01,/nasuni-labs/nasuni-mcp-desktop/pull/2,Update README.md by perrygolianasuni · Pull Request #2 · nasuni-labs/nasuni-m...,1,1
2026-02-01,/nasuni-labs/nasuni-mcp-desktop/tree/main,nasuni-labs/nasuni-mcp-desktop: A local Model Context Protocol (MCP) Server S...,1,1
2026-02-01,/nasuni-labs/nasuni-mcp-desktop/tree/main/mcp,nasuni-mcp-desktop/mcp at main · nasuni-labs/nasuni-mcp-desktop,1,1
2026-02-02,/nasuni-labs/nasuni-mcp-desktop,GitHub - nasuni-labs/nasuni-mcp-desktop: A local Model Context Protocol (MCP)...,29,22
2026-02-02,/nasuni-labs/nasuni-mcp-desktop/edit/main/README.md,Editing nasuni-mcp-desktop/README.md at main · nasuni-labs/nasuni-mcp-desktop,2,1
2026-02-02,/nasuni-labs/nasuni-mcp-desktop/blob/main/README.md,Editing nasuni-mcp-desktop/README.md at main · nasuni-labs/nasuni-mcp-desktop,1,1
2026-02-02,/nasuni-labs/nasuni-mcp-desktop/blob/main/mcp/server.py,nasuni-mcp-desktop/mcp at main · nasuni-labs/nasuni-mcp-desktop,1,1
2026-02-02,/nasuni-labs/nasuni-mcp-desktop/commits/main,Commits · nasuni-labs/nasuni-mcp-desktop · GitHub,1,1
2026-02-02,/nasuni-labs/nasuni-mcp-desktop/compare/main...perrygolianasuni-patch-2,Comparing main...perrygolianasuni-patch-2 · nasuni-labs/nasuni-mcp-desktop,1,1
2026-02-02,/nasuni-labs/nasuni-mcp-desktop/fork,Fork nasuni-labs/nasuni-mcp-desktop,1,1
2026-02-02,/nasuni-labs/nasuni-mcp-desktop/pull/2,Update README.md by perrygolianasuni · Pull Request #2 · nasuni-labs/nasuni-m...,1,1
2026-02-02,/nasuni-labs/nasuni-mcp-desktop/tree/main,nasuni-labs/nasuni-mcp-desktop: A local Model Context Protocol (MCP) Server S...,1,1
2026-02-02,/nasuni-labs/nasuni-mcp-desktop/tree/main/mcp,nasuni-mcp-desktop/mcp at main · nasuni-labs/nasuni-mcp-desktop,1,1
2026-02-03,/nasuni-labs/nasuni-mcp-desktop,GitHub - nasuni-labs/nasuni-mcp-desktop: A local Model Context Protocol (MCP)...,29,22
2026-02-03,/nasuni-labs/nasuni-mcp-desktop/edit/main/README.md,Editing nasuni-mcp-desktop/README.md at main · nasuni-labs/nasuni-mcp-desktop,2,1
2026-02-03,/nasuni-labs/nasuni-mcp-desktop/blob/main/README.md,Editing nasuni-mcp-desktop/README.md at main · nasuni-labs/nasuni-mcp-desktop,1,1
2026-02-03,/nasuni-labs/nasuni-mcp-desktop/blob/main/mcp/server.py,nasuni-mcp-desktop/mcp at main · nasuni-labs/nasuni-mcp-desktop,1,1
2026-02-03,/nasuni-labs/nasuni-mcp-desktop/commits/main,Commits · nasuni-labs/nasuni-mcp-desktop · GitHub,1,1
2026-02-03,/nasuni-labs/nasuni-mcp-desktop/compare/main...perrygolianasuni-patch-2,Comparing main...perrygolianasuni-patch-2 · nasuni-labs/nasuni-mcp-desktop,1,1
2026-02-03,/nasuni-labs/nasuni-mcp-desktop/fork,Fork nasuni-labs/nasuni-mcp-desktop,1,1
2026-02-03,/nasuni-labs/nasuni-mcp-desktop/pull/2,Update README.md by perrygolianasuni · Pull Request #2 · nasuni-labs/nasuni-m...,1,1
2026-02-03,/nasuni-labs/nasuni-mcp-desktop/tree/main,nasuni-labs/nasuni-mcp-desktop: A local Model Context Protocol (MCP) Server S...,1,1
2026-02-03,/nasuni-labs/nasuni-mcp-desktop/tree/main/mcp,nasuni-mcp-desktop/mcp at main · nasuni-labs/nasuni-mcp-desktop,1,1
2026-02-04,/nasuni-labs/nasuni-mcp-desktop,GitHub - nasuni-labs/nasuni-mcp-desktop: A local Model Context Protocol (MCP)...,30,22
2026-02-04,/nasuni-labs/nasuni-mcp-desktop/tree/main,GitHub - nasuni-labs/nasuni-mcp-desktop: A local Model Context Protocol (MCP)...,5,4
2026-02-04,/nasuni-labs/nasuni-mcp-desktop/tree/main/mcp,nasuni-mcp-desktop/mcp at main · nasuni-labs/nasuni-mcp-desktop,2,2
2026-02-04,/nasuni-labs/nasuni-mcp-desktop/edit/main/README.md,Editing nasuni-mcp-desktop/README.md at main · nasuni-labs/nasuni-mcp-desktop,2,1
2026-02-04,/nasuni-labs/nasuni-mcp-desktop/blob/main/README.md,Editing nasuni-mcp-desktop/README.md at main · nasuni-labs/nasuni-mcp-desktop,1,1
2026-02-04,/nasuni-labs/nasuni-mcp-desktop/blob/main/mcp/server.py,nasuni-mcp-desktop/mcp at main · nasuni-labs/nasuni-mcp-desktop,1,1
2026-02-04,/nasuni-labs/nasuni-mcp-desktop/commits/main,Commits · nasuni-labs/nasuni-mcp-desktop · GitHub,1,1
2026-02-04,/nasuni-labs/nasuni-mcp-desktop/compare/main...perrygolianasuni-patch-2,Comparing main...perrygolianasuni-patch-2 · nasuni-labs/nasuni-mcp-desktop,1,1
2026-02-04,/nasuni-labs/nasuni-mcp-desktop/fork,Fork nasuni-labs/nasuni-mcp-desktop,1,1
2026-02-04,/nasuni-labs/nasuni-mcp-desktop/pull/2,Update README.md by perrygolianasuni · Pull Request #2 · nasuni-labs/nasuni-m...,1,1
2026-02-05,/nasuni-labs/nasuni-mcp-desktop,GitHub - nasuni-labs/nasuni-mcp-desktop: A local Model Context Protocol (MCP)...,28,21
2026-02-05,/nasuni-labs/nasuni-mcp-desktop/tree/main,GitHub - nasuni-labs/nasuni-mcp-desktop: A local Model Context Protocol (MCP)...,5,4
2026-02-05,/nasuni-labs/nasuni-mcp-desktop/tree/main/mcp,nasuni-mcp-desktop/mcp at main · nasuni-labs/nasuni-mcp-desktop,2,2
2026-02-05,/nasuni-labs/nasuni-mcp-desktop/edit/main/README.md,Editing nasuni-mcp-desktop/README.md at main · nasuni-labs/nasuni-mcp-desktop,2,1
2026-02-05,/nasuni-labs/nasuni-mcp-desktop/blob/main/README.md,Editing nasuni-mcp-desktop/README.md at main · nasuni-labs/nasuni-mcp-desktop,1,1
2026-02-05,/nasuni-labs/nasuni-mcp-desktop/blob/main/mcp/server.py,nasuni-mcp-desktop/mcp at main · nasuni-labs/nasuni-mcp-desktop,1,1
2026-02-05,/nasuni-labs/nasuni-mcp-desktop/commits/main,Commits · nasuni-labs/nasuni-mcp-desktop · GitHub,1,1
2026-02-05,/nasuni-labs/nasuni-mcp-desktop/compare/main...perrygolianasuni-patch-2,Comparing main...perrygolianasuni-patch-2 · nasuni-labs/nasuni-mcp-desktop,1,1
2026-02-05,/nasuni-labs/nasuni-mcp-desktop/fork,Fork nasuni-labs/nasuni-mcp-desktop,1,1
2026-02-05,/nasuni-labs/nasuni-mcp-desktop/pull/2,Update README.md by perrygolianasuni · Pull Request #2 · nasuni-labs/nasuni-m...,1,1
2026-02-06,/nasuni-labs/nasuni-mcp-desktop,GitHub - nasuni-labs/nasuni-mcp-desktop: A local Model Context Protocol (MCP)...,25,17
2026-02-06,/nasuni-labs/nasuni-mcp-desktop/tree/main,GitHub - nasuni-labs/nasuni-mcp-desktop: A local Model Context Protocol (MCP)...,5,4
2026-02-06,/nasuni-labs/nasuni-mcp-desktop/tree/main/mcp,nasuni-mcp-desktop/mcp at main · nasuni-labs/nasuni-mcp-desktop,2,2
2026-02-06,/nasuni-labs/nasuni-mcp-desktop/edit/main/README.md,Editing nasuni-mcp-desktop/README.md at main · nasuni-labs/nasuni-mcp-desktop,2,1
2026-02-06,/nasuni-labs/nasuni-mcp-desktop/blob/main/README.md,Editing nasuni-mcp-desktop/README.md at main · nasuni-labs/nasuni-mcp-desktop,1,1
2026-02-06,/nasuni-labs/nasuni-mcp-desktop/blob/main/mcp/server.py,nasuni-mcp-desktop/mcp at main · nasuni-labs/nasuni-mcp-desktop,1,1
2026-02-06,/nasuni-labs/nasuni-mcp-desktop/commits/main,Commits · nasuni-labs/nasuni-mcp-desktop · GitHub,1,1
2026-02-06,/nasuni-labs/nasuni-mcp-desktop/compare/main...perrygolianasuni-patch-2,Comparing main...perrygolianasuni-patch-2 · nasuni-labs/nasuni-mcp-desktop,1,1
2026-02-06,/nasuni-labs/nasuni-mcp-desktop/fork,Fork nasuni-labs/nasuni-mcp-desktop,1,1
2026-02-06,/nasuni-labs/nasuni-mcp-desktop/pull/2,Update README.md by perrygolianasuni · Pull Request #2 · nasuni-labs/nasuni-m...,1,1
2026-02-07,/nasuni-labs/nasuni-mcp-desktop,GitHub - nasuni-labs/nasuni-mcp-desktop: A local Model Context Protocol (MCP)...,26,18
2026-02-07,/nasuni-labs/nasuni-mcp-desktop/tree/main,GitHub - nasuni-labs/nasuni-mcp-desktop: A local Model Context Protocol (MCP)...,5,4
2026-02-07,/nasuni-labs/nasuni-mcp-desktop/tree/main/mcp,nasuni-mcp-desktop/mcp at main · nasuni-labs/nasuni-mcp-desktop,2,2
2026-02-07,/nasuni-labs/nasuni-mcp-desktop/edit/main/README.md,Editing nasuni-mcp-desktop/README.md at main · nasuni-labs/nasuni-mcp-desktop,2,1
2026-02-07,/nasuni-labs/nasuni-mcp-desktop/blob/main/README.md,Editing nasuni-mcp-desktop/README.md at main · nasuni-labs/nasuni-mcp-desktop,1,1
2026-02-07,/nasuni-labs/nasuni-mcp-desktop/blob/main/mcp/server.py,nasuni-mcp-desktop/mcp at main · nasuni-labs/nasuni-mcp-desktop,1,1
2026-02-07,/nasuni-labs/nasuni-mcp-desktop/commits/main,Commits · nasuni-labs/nasuni-mcp-desktop · GitHub,1,1
2026-02-07,/nasuni-labs/nasuni-mcp-desktop/compare/main...perrygolianasuni-patch-2,Comparing main...perrygolianasuni-patch-2 · nasuni-labs/nasuni-mcp-desktop,1,1
2026-02-07,/nasuni-labs/nasuni-mcp-desktop/fork,Fork nasuni-labs/nasuni-mcp-desktop,1,1
2026-02-07,/nasuni-labs/nasuni-mcp-desktop/pull/2,Update README.md by perrygolianasuni · Pull Request #2 · nasuni-labs/nasuni-m...,1,1
2026-02-08,/nasuni-labs/nasuni-mcp-desktop,GitHub - nasuni-labs/nasuni-mcp-desktop: A local Model Context Protocol (MCP)...,26,18
2026-02-08,/nasuni-labs/nasuni-mcp-desktop/tree/main,GitHub - nasuni-labs/nasuni-mcp-desktop: A local Model Context Protocol (MCP)...,5,4
2026-02-08,/nasuni-labs/nasuni-mcp-desktop/tree/main/mcp,nasuni-mcp-desktop/mcp at main · nasuni-labs/nasuni-mcp-desktop,2,2
2026-02-08,/nasuni-labs/nasuni-mcp-desktop/edit/main/README.md,Editing nasuni-mcp-desktop/README.md at main · nasuni-labs/nasuni-mcp-desktop,2,1
2026-02-08,/nasuni-labs/nasuni-mcp-desktop/blob/main/README.md,Editing nasuni-mcp-desktop/README.md at main · nasuni-labs/nasuni-mcp-desktop,1,1
2026-02-08,/nasuni-labs/nasuni-mcp-desktop/blob/main/mcp/server.py,nasuni-mcp-desktop/mcp at main · nasuni-labs/nasuni-mcp-desktop,1,1
2026-02-08,/nasuni-labs/nasuni-mcp-desktop/commits/main,Commits · nasuni-labs/nasuni-mcp-desktop · GitHub,1,1
2026-02-08,/nasuni-labs/nasuni-mcp-desktop/compare/main...perrygolianasuni-patch-2,Comparing main...perrygolianasuni-patch-2 · nasuni-labs/nasuni-mcp-desktop,1,1
2026-02-08,/nasuni-labs/nasuni-mcp-desktop/fork,Fork nasuni-labs/nasuni-mcp-desktop,1,1
2026-02-08,/nasuni-labs/nasuni-mcp-desktop/pull/2,Update README.md by perrygolianasuni · Pull Request #2 · nasuni-labs/nasuni-m...,1,1
2026-02-09,/nasuni-labs/nasuni-mcp-desktop,GitHub - nasuni-labs/nasuni-mcp-desktop: A local Model Context Protocol (MCP)...,25,17
2026-02-09,/nasuni-labs/nasuni-mcp-desktop/tree/main,GitHub - nasuni-labs/nasuni-mcp-desktop: A local Model Context Protocol (MCP)...,5,4
2026-02-09,/nasuni-labs/nasuni-mcp-desktop/tree/main/mcp,nasuni-mcp-desktop/mcp at main · nasuni-labs/nasuni-mcp-desktop,2,2
2026-02-09,/nasuni-labs/nasuni-mcp-desktop/edit/main/README.md,Editing nasuni-mcp-desktop/README.md at main · nasuni-labs/nasuni-mcp-desktop,2,1
2026-02-09,/nasuni-labs/nasuni-mcp-desktop/blob/main/README.md,Editing nasuni-mcp-desktop/README.md at main · nasuni-labs/nasuni-mcp-desktop,1,1
2026-02-09,/nasuni-labs/nasuni-mcp-desktop/blob/main/mcp/server.py,nasuni-mcp-desktop/mcp at main · nasuni-labs/nasuni-mcp-desktop,1,1
2026-02-09,/nasuni-labs/nasuni-mcp-desktop/commits/main,Commits · nasuni-labs/nasuni-mcp-desktop · GitHub,1,1
2026-02-09,/nasuni-labs/nasuni-mcp-desktop/compare/main...perrygolianasuni-patch-2,Comparing main...perrygolianasuni-patch-2 · nasuni-labs/nasuni-mcp-desktop,1,1
2026-02-09,/nasuni-labs/nasuni-mcp-desktop/fork,Fork nasuni-labs/nasuni-mcp-desktop,1,1
2026-02-09,/nasuni-labs/nasuni-mcp-desktop/pull/2,Update README.md by perrygolianasuni · Pull Request #2 · nasuni-labs/nasuni-m...,1,1
2026-02-10,/nasuni-labs/nasuni-mcp-desktop,GitHub - nasuni-labs/nasuni-mcp-desktop: A local Model Context Protocol (MCP)...,24,16
2026-02-10,/nasuni-labs/nasuni-mcp-desktop/tree/main,GitHub - nasuni-labs/nasuni-mcp-desktop: A local Model Context Protocol (MCP)...,5,4
2026-02-10,/nasuni-labs/nasuni-mcp-desktop/tree/main/mcp,nasuni-mcp-desktop/mcp at main · nasuni-labs/nasuni-mcp-desktop,2,2
2026-02-10,/nasuni-labs/nasuni-mcp-desktop/edit/main/README.md,Editing nasuni-mcp-desktop/README.md at main · nasuni-labs/nasuni-mcp-desktop,2,1
2026-02-10,/nasuni-labs/nasuni-mcp-desktop/blob/main/README.md,Editing nasuni-mcp-desktop/README.md at main · nasuni-labs/nasuni-mcp-desktop,1,1
2026-02-10,/nasuni-labs/nasuni-mcp-desktop/blob/main/mcp/server.py,nasuni-mcp-desktop/mcp at main · nasuni-labs/nasuni-mcp-desktop,1,1
2026-02-10,/nasuni-labs/nasuni-mcp-desktop/commits/main,Commits · nasuni-labs/nasuni-mcp-desktop · GitHub,1,1
2026-02-10,/nasuni-labs/nasuni-mcp-desktop/compare/main...perrygolianasuni-patch-2,Comparing main...perrygolianasuni-patch-2 · nasuni-labs/nasuni-mcp-desktop,1,1
2026-02-10,/nasuni-labs/nasuni-mcp-desktop/pull/2,Update README.md by perrygolianasuni · Pull Request #2 · nasuni-labs/nasuni-m...,1,1
2026-02-10,/nasuni-labs/nasuni-mcp-desktop/tree/main/mcp/app,GitHub - nasuni-labs/nasuni-mcp-desktop: A local Model Context Protocol (MCP)...,1,1
2026-02-11,/nasuni-labs/nasuni-mcp-desktop,GitHub - nasuni-labs/nasuni-mcp-desktop: A local Model Context Protocol (MCP)...,24,15
2026-02-11,/nasuni-labs/nasuni-mcp-desktop/tree/main,GitHub - nasuni-labs/nasuni-mcp-desktop: A local Model Context Protocol (MCP)...,6,5
2026-02-11,/nasuni-labs/nasuni-mcp-desktop/tree/main/mcp,nasuni-mcp-desktop/mcp at main · nasuni-labs/nasuni-mcp-desktop,2,2
2026-02-11,/nasuni-labs/nasuni-mcp-desktop/edit/main/README.md,Editing nasuni-mcp-desktop/README.md at main · nasuni-labs/nasuni-mcp-desktop,2,1
2026-02-11,/nasuni-labs/nasuni-mcp-desktop/blob/main/README.md,Editing nasuni-mcp-desktop/README.md at main · nasuni-labs/nasuni-mcp-desktop,1,1
2026-02-11,/nasuni-labs/nasuni-mcp-desktop/blob/main/mcp/server.py,nasuni-mcp-desktop/mcp at main · nasuni-labs/nasuni-mcp-desktop,1,1
2026-02-11,/nasuni-labs/nasuni-mcp-desktop/blob/main/nasuni-mcp-desktop-solution.dxt,nasuni-mcp-desktop/nasuni-mcp-desktop-solution.dxt at main · nasuni-labs/nasu...,1,1
2026-02-11,/nasuni-labs/nasuni-mcp-desktop/commits/main,Commits · nasuni-labs/nasuni-mcp-desktop · GitHub,1,1
2026-02-11,/nasuni-labs/nasuni-mcp-desktop/compare/main...perrygolianasuni-patch-2,Comparing main...perrygolianasuni-patch-2 · nasuni-labs/nasuni-mcp-desktop,1,1
2026-02-11,/nasuni-labs/nasuni-mcp-desktop/pull/2,Update README.md by perrygolianasuni · Pull Request #2 · nasuni-labs/nasuni-m...,1,1
2026-02-12,/nasuni-labs/nasuni-mcp-desktop,GitHub - nasuni-labs/nasuni-mcp-desktop: A local Model Context Protocol (MCP)...,22,15
2026-02-12,/nasuni-labs/nasuni-mcp-desktop/tree/main,GitHub - nasuni-labs/nasuni-mcp-desktop: A local Model Context Protocol (MCP)...,5,4
2026-02-12,/nasuni-labs/nasuni-mcp-desktop/tree/main/mcp,nasuni-mcp-desktop/mcp at main · nasuni-labs/nasuni-mcp-desktop,2,2
2026-02-12,/nasuni-labs/nasuni-mcp-desktop/blob/main/mcp/server.py,nasuni-mcp-desktop/mcp at main · nasuni-labs/nasuni-mcp-desktop,1,1
2026-02-12,/nasuni-labs/nasuni-mcp-desktop/blob/main/nasuni-mcp-desktop-solution.dxt,nasuni-mcp-desktop/nasuni-mcp-desktop-solution.dxt at main · nasuni-labs/nasu...,1,1
2026-02-12,/nasuni-labs/nasuni-mcp-desktop/commits/main,Commits · nasuni-labs/nasuni-mcp-desktop · GitHub,1,1
2026-02-12,/nasuni-labs/nasuni-mcp-desktop/tree/main/mcp/app,GitHub - nasuni-labs/nasuni-mcp-desktop: A local Model Context Protocol (MCP)...,1,1
2026-02-13,/nasuni-labs/nasuni-mcp-desktop,GitHub - nasuni-labs/nasuni-mcp-desktop: A local Model Context Protocol (MCP)...,17,11
2026-02-13,/nasuni-labs/nasuni-mcp-desktop/tree/main,GitHub - nasuni-labs/nasuni-mcp-desktop: A local Model Context Protocol (MCP)...,5,4
2026-02-13,/nasuni-labs/nasuni-mcp-desktop/blob/main/nasuni-mcp-desktop-solution.dxt,nasuni-mcp-desktop/nasuni-mcp-desktop-solution.dxt at main · nasuni-labs/nasu...,1,1
2026-02-13,/nasuni-labs/nasuni-mcp-desktop/tree/main/mcp,nasuni-mcp-desktop/mcp at main · nasuni-labs/nasuni-mcp-desktop · GitHub,1,1
2026-02-13,/nasuni-labs/nasuni-mcp-desktop/tree/main/mcp/app,GitHub - nasuni-labs/nasuni-mcp-desktop: A local Model Context Protocol (MCP)...,1,1
2026-02-14,/nasuni-labs/nasuni-mcp-desktop,GitHub - nasuni-labs/nasuni-mcp-desktop: A local Model Context Protocol (MCP)...,19,13
2026-02-14,/nasuni-labs/nasuni-mcp-desktop/tree/main,GitHub - nasuni-labs/nasuni-mcp-desktop: A local Model Context Protocol (MCP)...,5,4
2026-02-14,/nasuni-labs/nasuni-mcp-desktop/blob/main/nasuni-mcp-desktop-solution.dxt,nasuni-mcp-desktop/nasuni-mcp-desktop-solution.dxt at main · nasuni-labs/nasu...,1,1
2026-02-14,/nasuni-labs/nasuni-mcp-desktop/tree/main/mcp,nasuni-mcp-desktop/mcp at main · nasuni-labs/nasuni-mcp-desktop · GitHub,1,1
2026-02-14,/nasuni-labs/nasuni-mcp-desktop/tree/main/mcp/app,GitHub - nasuni-labs/nasuni-mcp-desktop: A local Model Context Protocol (MCP)...,1,1
2026-02-15,/nasuni-labs/nasuni-mcp-desktop,GitHub - nasuni-labs/nasuni-mcp-desktop: A local Model Context Protocol (MCP)...,18,12
2026-02-15,/nasuni-labs/nasuni-mcp-desktop/tree/main,GitHub - nasuni-labs/nasuni-mcp-desktop: A local Model Context Protocol (MCP)...,5,4
2026-02-15,/nasuni-labs/nasuni-mcp-desktop/blob/main/nasuni-mcp-desktop-solution.dxt,nasuni-mcp-desktop/nasuni-mcp-desktop-solution.dxt at main · nasuni-labs/nasu...,1,1
2026-02-15,/nasuni-labs/nasuni-mcp-desktop/stargazers,Stargazers · nasuni-labs/nasuni-mcp-desktop,1,1
2026-02-15,/nasuni-labs/nasuni-mcp-desktop/tree/main/mcp,nasuni-mcp-desktop/mcp at main · nasuni-labs/nasuni-mcp-desktop · GitHub,1,1
2026-02-15,/nasuni-labs/nasuni-mcp-desktop/tree/main/mcp/app,GitHub - nasuni-labs/nasuni-mcp-desktop: A local Model Context Protocol (MCP)...,1,1
2026-02-16,/nasuni-labs/nasuni-mcp-desktop,GitHub - nasuni-labs/nasuni-mcp-desktop: A local Model Context Protocol (MCP)...,19,13
2026-02-16,/nasuni-labs/nasuni-mcp-desktop/tree/main,GitHub - nasuni-labs/nasuni-mcp-desktop: A local Model Context Protocol (MCP)...,5,4
2026-02-16,/nasuni-labs/nasuni-mcp-desktop/blob/main/nasuni-mcp-desktop-solution.dxt,nasuni-mcp-desktop/nasuni-mcp-desktop-solution.dxt at main · nasuni-labs/nasu...,1,1
2026-02-16,/nasuni-labs/nasuni-mcp-desktop/stargazers,Stargazers · nasuni-labs/nasuni-mcp-desktop,1,1
2026-02-16,/nasuni-labs/nasuni-mcp-desktop/tree/main/mcp,nasuni-mcp-desktop/mcp at main · nasuni-labs/nasuni-mcp-desktop · GitHub,1,1
2026-02-16,/nasuni-labs/nasuni-mcp-desktop/tree/main/mcp/app,GitHub - nasuni-labs/nasuni-mcp-desktop: A local Model Context Protocol (MCP)...,1,1
2026-02-17,/nasuni-labs/nasuni-mcp-desktop,GitHub - nasuni-labs/nasuni-mcp-desktop: A local Model Context Protocol (MCP)...,19,13
2026-02-17,/nasuni-labs/nasuni-mcp-desktop/tree/main,GitHub - nasuni-labs/nasuni-mcp-desktop: A local Model Context Protocol (MCP)...,5,4
2026-02-17,/nasuni-labs/nasuni-mcp-desktop/blob/main/nasuni-mcp-desktop-solution.dxt,nasuni-mcp-desktop/nasuni-mcp-desktop-solution.dxt at main · nasuni-labs/nasu...,1,1
2026-02-17,/nasuni-labs/nasuni-mcp-desktop/stargazers,Stargazers · nasuni-labs/nasuni-mcp-desktop,1,1
2026-02-17,/nasuni-labs/nasuni-mcp-desktop/tree/main/mcp,nasuni-mcp-desktop/mcp at main · nasuni-labs/nasuni-mcp-desktop · GitHub,1,1
2026-02-17,/nasuni-labs/nasuni-mcp-desktop/tree/main/mcp/app,GitHub - nasuni-labs/nasuni-mcp-desktop: A local Model Context Protocol (MCP)...,1,1
2026-02-18,/nasuni-labs/nasuni-mcp-desktop,GitHub - nasuni-labs/nasuni-mcp-desktop: A local Model Context Protocol (MCP)...,17,13
2026-02-18,/nasuni-labs/nasuni-mcp-desktop/blob/main/nasuni-mcp-desktop-solution.dxt,nasuni-mcp-desktop/nasuni-mcp-desktop-solution.dxt at main · nasuni-labs/nasu...,1,1
2026-02-18,/nasuni-labs/nasuni-mcp-desktop/stargazers,Stargazers · nasuni-labs/nasuni-mcp-desktop,1,1
2026-02-18,/nasuni-labs/nasuni-mcp-desktop/tree/main,nasuni-labs/nasuni-mcp-desktop: A local Model Context Protocol (MCP) Server S...,1,1
2026-02-19,/nasuni-labs/nasuni-mcp-desktop,GitHub - nasuni-labs/nasuni-mcp-desktop: A local Model Context Protocol (MCP)...,17,13
2026-02-19,/nasuni-labs/nasuni-mcp-desktop/blob/main/nasuni-mcp-desktop-solution.dxt,nasuni-mcp-desktop/nasuni-mcp-desktop-solution.dxt at main · nasuni-labs/nasu...,1,1
2026-02-19,/nasuni-labs/nasuni-mcp-desktop/stargazers,Stargazers · nasuni-labs/nasuni-mcp-desktop,1,1
2026-02-19,/nasuni-labs/nasuni-mcp-desktop/tree/main,nasuni-labs/nasuni-mcp-desktop: A local Model Context Protocol (MCP) Server S...,1,1
2026-02-20,/nasuni-labs/nasuni-mcp-desktop,GitHub - nasuni-labs/nasuni-mcp-desktop: A local Model Context Protocol (MCP)...,18,15
2026-02-20,/nasuni-labs/nasuni-mcp-desktop/blob/main/README.md,nasuni-mcp-desktop/README.md at main · nasuni-labs/nasuni-mcp-desktop · GitHub,1,1
2026-02-20,/nasuni-labs/nasuni-mcp-desktop/blob/main/nasuni-mcp-desktop-solution.dxt,nasuni-mcp-desktop/nasuni-mcp-desktop-solution.dxt at main · nasuni-labs/nasu...,1,1
2026-02-20,/nasuni-labs/nasuni-mcp-desktop/branches,Branches · nasuni-labs/nasuni-mcp-desktop · GitHub,1,1
2026-02-20,/nasuni-labs/nasuni-mcp-desktop/stargazers,Stargazers · nasuni-labs/nasuni-mcp-desktop,1,1
2026-02-20,/nasuni-labs/nasuni-mcp-desktop/tree/main,nasuni-labs/nasuni-mcp-desktop: A local Model Context Protocol (MCP) Server S...,1,1
2026-02-21,/nasuni-labs/nasuni-mcp-desktop,GitHub - nasuni-labs/nasuni-mcp-desktop: A local Model Context Protocol (MCP)...,17,14
2026-02-21,/nasuni-labs/nasuni-mcp-desktop/blob/main/README.md,nasuni-mcp-desktop/README.md at main · nasuni-labs/nasuni-mcp-desktop · GitHub,1,1
2026-02-21,/nasuni-labs/nasuni-mcp-desktop/blob/main/nasuni-mcp-desktop-solution.dxt,nasuni-mcp-desktop/nasuni-mcp-desktop-solution.dxt at main · nasuni-labs/nasu...,1,1
2026-02-21,/nasuni-labs/nasuni-mcp-desktop/branches,Branches · nasuni-labs/nasuni-mcp-desktop · GitHub,1,1
2026-02-21,/nasuni-labs/nasuni-mcp-desktop/stargazers,Stargazers · nasuni-labs/nasuni-mcp-desktop,1,1
2026-02-21,/nasuni-labs/nasuni-mcp-desktop/tree/main,nasuni-labs/nasuni-mcp-desktop: A local Model Context Protocol (MCP) Server S...,1,1
2026-02-22,/nasuni-labs/nasuni-mcp-desktop,GitHub - nasuni-labs/nasuni-mcp-desktop: A local Model Context Protocol (MCP)...,16,13
2026-02-22,/nasuni-labs/nasuni-mcp-desktop/blob/main/README.md,nasuni-mcp-desktop/README.md at main · nasuni-labs/nasuni-mcp-desktop · GitHub,1,1
2026-02-22,/nasuni-labs/nasuni-mcp-desktop/blob/main/nasuni-mcp-desktop-solution.dxt,nasuni-mcp-desktop/nasuni-mcp-desktop-solution.dxt at main · nasuni-labs/nasu...,1,1
2026-02-22,/nasuni-labs/nasuni-mcp-desktop/branches,Branches · nasuni-labs/nasuni-mcp-desktop · GitHub,1,1
2026-02-22,/nasuni-labs/nasuni-mcp-desktop/stargazers,Stargazers · nasuni-labs/nasuni-mcp-desktop,1,1
2026-02-22,/nasuni-labs/nasuni-mcp-desktop/tree/main,nasuni-labs/nasuni-mcp-desktop: A local Model Context Protocol (MCP) Server S...,1,1
2026-02-23,/nasuni-labs/nasuni-mcp-desktop,GitHub - nasuni-labs/nasuni-mcp-desktop: A local Model Context Protocol (MCP)...,16,13
2026-02-23,/nasuni-labs/nasuni-mcp-desktop/blob/main/README.md,nasuni-mcp-desktop/README.md at main · nasuni-labs/nasuni-mcp-desktop · GitHub,1,1
2026-02-23,/nasuni-labs/nasuni-mcp-desktop/blob/main/nasuni-mcp-desktop-solution.dxt,nasuni-mcp-desktop/nasuni-mcp-desktop-solution.dxt at main · nasuni-labs/nasu...,1,1
2026-02-23,/nasuni-labs/nasuni-mcp-desktop/branches,Branches · nasuni-labs/nasuni-mcp-desktop · GitHub,1,1
2026-02-23,/nasuni-labs/nasuni-mcp-desktop/stargazers,Stargazers · nasuni-labs/nasuni-mcp-desktop,1,1
2026-02-23,/nasuni-labs/nasuni-mcp-desktop/tree/main,nasuni-labs/nasuni-mcp-desktop: A local Model Context Protocol (MCP) Server S...,1,1
2026-02-24,/nasuni-labs/nasuni-mcp-desktop,GitHub - nasuni-labs/nasuni-mcp-desktop: A local Model Context Protocol (MCP)...,16,13
2026-02-24,/nasuni-labs/nasuni-mcp-desktop/blob/main/README.md,nasuni-mcp-desktop/README.md at main · nasuni-labs/nasuni-mcp-desktop · GitHub,1,1
2026-02-24,/nasuni-labs/nasuni-mcp-desktop/blob/main/nasuni-mcp-desktop-solution.dxt,nasuni-mcp-desktop/nasuni-mcp-desktop-solution.dxt at main · nasuni-labs/nasu...,1,1
2026-02-24,/nasuni-labs/nasuni-mcp-desktop/branches,Branches · nasuni-labs/nasuni-mcp-desktop · GitHub,1,1
2026-02-24,/nasuni-labs/nasuni-mcp-desktop/stargazers,Stargazers · nasuni-labs/nasuni-mcp-desktop,1,1
2026-02-24,/nasuni-labs/nasuni-mcp-desktop/tree/main,nasuni-labs/nasuni-mcp-desktop: A local Model Context Protocol (MCP) Server S...,1,1
2026-02-25,/nasuni-labs/nasuni-mcp-desktop,GitHub - nasuni-labs/nasuni-mcp-desktop: A local Model Context Protocol (MCP)...,16,13
2026-02-25,/nasuni-labs/nasuni-mcp-desktop/blob/main/README.md,nasuni-mcp-desktop/README.md at main · nasuni-labs/nasuni-mcp-desktop · GitHub,1,1
2026-02-25,/nasuni-labs/nasuni-mcp-desktop/branches,Branches · nasuni-labs/nasuni-mcp-desktop · GitHub,1,1
2026-02-25,/nasuni-labs/nasuni-mcp-desktop/stargazers,Stargazers · nasuni-labs/nasuni-mcp-desktop,1,1
2026-02-26,/nasuni-labs/nasuni-mcp-desktop,GitHub - nasuni-labs/nasuni-mcp-desktop: A local Model Context Protocol (MCP)...,16,14
2026-02-26,/nasuni-labs/nasuni-mcp-desktop/blob/main/README.md,nasuni-mcp-desktop/README.md at main · nasuni-labs/nasuni-mcp-desktop · GitHub,1,1
2026-02-26,/nasuni-labs/nasuni-mcp-desktop/branches,Branches · nasuni-labs/nasuni-mcp-desktop · GitHub,1,1
2026-02-26,/nasuni-labs/nasuni-mcp-desktop/stargazers,Stargazers · nasuni-labs/nasuni-mcp-desktop,1,1
2026-02-27,/nasuni-labs/nasuni-mcp-desktop,GitHub - nasuni-labs/nasuni-mcp-desktop: A local Model Context Protocol (MCP)...,17,15
2026-02-27,/nasuni-labs/nasuni-mcp-desktop/tree/main/scripts,nasuni-labs/nasuni-mcp-desktop: A local Model Context Protocol (MCP) Server S...,2,1
2026-02-27,/nasuni-labs/nasuni-mcp-desktop/blob/main/README.md,nasuni-mcp-desktop/README.md at main · nasuni-labs/nasuni-mcp-desktop · GitHub,1,1
2026-02-27,/nasuni-labs/nasuni-mcp-desktop/blob/main/scripts/process_traffic.py,nasuni-mcp-desktop/scripts at main · nasuni-labs/nasuni-mcp-desktop,1,1
2026-02-27,/nasuni-labs/nasuni-mcp-desktop/branches,Branches · nasuni-labs/nasuni-mcp-desktop · GitHub,1,1
2026-02-27,/nasuni-labs/nasuni-mcp-desktop/stargazers,Stargazers · nasuni-labs/nasuni-mcp-desktop,1,1
2026-02-27,/nasuni-labs/nasuni-mcp-desktop/tree/main,nasuni-mcp-desktop/scripts at main · nasuni-labs/nasuni-mcp-desktop,1,1
2026-02-28,/nasuni-labs/nasuni-mcp-desktop,GitHub - nasuni-labs/nasuni-mcp-desktop: A local Model Context Protocol (MCP)...,13,12
2026-02-28,/nasuni-labs/nasuni-mcp-desktop/tree/main,nasuni-labs/nasuni-mcp-desktop: A local Model Context Protocol (MCP) Server S...,2,1
2026-02-28,/nasuni-labs/nasuni-mcp-desktop/tree/main/scripts,nasuni-labs/nasuni-mcp-desktop: A local Model Context Protocol (MCP) Server S...,2,1
2026-02-28,/nasuni-labs/nasuni-mcp-desktop/blob/main/README.md,nasuni-mcp-desktop/README.md at main · nasuni-labs/nasuni-mcp-desktop · GitHub,1,1
2026-02-28,/nasuni-labs/nasuni-mcp-desktop/blob/main/scripts/process_traffic.py,nasuni-mcp-desktop/scripts at main · nasuni-labs/nasuni-mcp-desktop,1,1
2026-02-28,/nasuni-labs/nasuni-mcp-desktop/branches,Branches · nasuni-labs/nasuni-mcp-desktop · GitHub,1,1
2026-02-28,/nasuni-labs/nasuni-mcp-desktop/stargazers,Stargazers · nasuni-labs/nasuni-mcp-desktop,1,1
2026-03-01,/nasuni-labs/nasuni-mcp-desktop,GitHub - nasuni-labs/nasuni-mcp-desktop: A local Model Context Protocol (MCP)...,11,11
2026-03-01,/nasuni-labs/nasuni-mcp-desktop/tree/main,nasuni-labs/nasuni-mcp-desktop: A local Model Context Protocol (MCP) Server S...,2,1
2026-03-01,/nasuni-labs/nasuni-mcp-desktop/tree/main/scripts,nasuni-labs/nasuni-mcp-desktop: A local Model Context Protocol (MCP) Server S...,2,1
2026-03-01,/nasuni-labs/nasuni-mcp-desktop/blob/main/README.md,nasuni-mcp-desktop/README.md at main · nasuni-labs/nasuni-mcp-desktop · GitHub,1,1
2026-03-01,/nasuni-labs/nasuni-mcp-desktop/blob/main/scripts/process_traffic.py,nasuni-mcp-desktop/scripts at main · nasuni-labs/nasuni-mcp-desktop,1,1
2026-03-01,/nasuni-labs/nasuni-mcp-desktop/branches,Branches · nasuni-labs/nasuni-mcp-desktop · GitHub,1,1
2026-03-02,/nasuni-labs/nasuni-mcp-desktop,GitHub - nasuni-labs/nasuni-mcp-desktop: A local Model Context Protocol (MCP)...,10,10
2026-03-02,/nasuni-labs/nasuni-mcp-desktop/tree/main,nasuni-labs/nasuni-mcp-desktop: A local Model Context Protocol (MCP) Server S...,2,1
2026-03-02,/nasuni-labs/nasuni-mcp-desktop/tree/main/scripts,nasuni-labs/nasuni-mcp-desktop: A local Model Context Protocol (MCP) Server S...,2,1
2026-03-02,/nasuni-labs/nasuni-mcp-desktop/blob/main/README.md,nasuni-mcp-desktop/README.md at main · nasuni-labs/nasuni-mcp-desktop · GitHub,1,1
2026-03-02,/nasuni-labs/nasuni-mcp-desktop/blob/main/scripts/process_traffic.py,nasuni-mcp-desktop/scripts at main · nasuni-labs/nasuni-mcp-desktop,1,1
2026-03-02,/nasuni-labs/nasuni-mcp-desktop/branches,Branches · nasuni-labs/nasuni-mcp-desktop · GitHub,1,1
2026-03-03,/nasuni-labs/nasuni-mcp-desktop,GitHub - nasuni-labs/nasuni-mcp-desktop: A local Model Context Protocol (MCP)...,10,10
2026-03-03,/nasuni-labs/nasuni-mcp-desktop/tree/main,nasuni-labs/nasuni-mcp-desktop: A local Model Context Protocol (MCP) Server S...,2,1
2026-03-03,/nasuni-labs/nasuni-mcp-desktop/tree/main/scripts,nasuni-labs/nasuni-mcp-desktop: A local Model Context Protocol (MCP) Server S...,2,1
2026-03-03,/nasuni-labs/nasuni-mcp-desktop/blob/main/README.md,nasuni-mcp-desktop/README.md at main · nasuni-labs/nasuni-mcp-desktop · GitHub,1,1
2026-03-03,/nasuni-labs/nasuni-mcp-desktop/blob/main/scripts/process_traffic.py,nasuni-mcp-desktop/scripts at main · nasuni-labs/nasuni-mcp-desktop,1,1
2026-03-03,/nasuni-labs/nasuni-mcp-desktop/branches,Branches · nasuni-labs/nasuni-mcp-desktop · GitHub,1,1
2026-03-04,/nasuni-labs/nasuni-mcp-desktop,GitHub - nasuni-labs/nasuni-mcp-desktop: A local Model Context Protocol (MCP)...,12,11
2026-03-04,/nasuni-labs/nasuni-mcp-desktop/tree/main,nasuni-labs/nasuni-mcp-desktop: A local Model Context Protocol (MCP) Server S...,2,1
2026-03-04,/nasuni-labs/nasuni-mcp-desktop/tree/main/scripts,nasuni-labs/nasuni-mcp-desktop: A local Model Context Protocol (MCP) Server S...,2,1
2026-03-04,/nasuni-labs/nasuni-mcp-desktop/blob/main/README.md,nasuni-mcp-desktop/README.md at main · nasuni-labs/nasuni-mcp-desktop · GitHub,1,1
2026-03-04,/nasuni-labs/nasuni-mcp-desktop/blob/main/scripts/process_traffic.py,nasuni-mcp-desktop/scripts at main · nasuni-labs/nasuni-mcp-desktop,1,1
2026-03-04,/nasuni-labs/nasuni-mcp-desktop/branches,Branches · nasuni-labs/nasuni-mcp-desktop · GitHub,1,1
2026-03-05,/nasuni-labs/nasuni-mcp-desktop,GitHub - nasuni-labs/nasuni-mcp-desktop: A local Model Context Protocol (MCP)...,11,10
2026-03-05,/nasuni-labs/nasuni-mcp-desktop/tree/main,nasuni-labs/nasuni-mcp-desktop: A local Model Context Protocol (MCP) Server S...,2,1
2026-03-05,/nasuni-labs/nasuni-mcp-desktop/tree/main/scripts,nasuni-labs/nasuni-mcp-desktop: A local Model Context Protocol (MCP) Server S...,2,1
2026-03-05,/nasuni-labs/nasuni-mcp-desktop/blob/main/README.md,nasuni-mcp-desktop/README.md at main · nasuni-labs/nasuni-mcp-desktop · GitHub,1,1
2026-03-05,/nasuni-labs/nasuni-mcp-desktop/blob/main/scripts/process_traffic.py,nasuni-mcp-desktop/scripts at main · nasuni-labs/nasuni-mcp-desktop,1,1
2026-03-05,/nasuni-labs/nasuni-mcp-desktop/branches,Branches · nasuni-labs/nasuni-mcp-desktop · GitHub,1,1
2026-03-06,/nasuni-labs/nasuni-mcp-desktop,GitHub - nasuni-labs/nasuni-mcp-desktop: A local Model Context Protocol (MCP)...,8,7
2026-03-06,/nasuni-labs/nasuni-mcp-desktop/tree/main,nasuni-labs/nasuni-mcp-desktop: A local Model Context Protocol (MCP) Server S...,2,1
2026-03-06,/nasuni-labs/nasuni-mcp-desktop/tree/main/scripts,nasuni-labs/nasuni-mcp-desktop: A local Model Context Protocol (MCP) Server S...,2,1
2026-03-06,/nasuni-labs/nasuni-mcp-desktop/blob/main/scripts/process_traffic.py,nasuni-mcp-desktop/scripts at main · nasuni-labs/nasuni-mcp-desktop,1,1
2026-03-07,/nasuni-labs/nasuni-mcp-desktop,GitHub - nasuni-labs/nasuni-mcp-desktop: A local Model Context Protocol (MCP)...,8,7
2026-03-07,/nasuni-labs/nasuni-mcp-desktop/tree/main,nasuni-labs/nasuni-mcp-desktop: A local Model Context Protocol (MCP) Server S...,2,1
2026-03-07,/nasuni-labs/nasuni-mcp-desktop/tree/main/scripts,nasuni-labs/nasuni-mcp-desktop: A local Model Context Protocol (MCP) Server S...,2,1
2026-03-07,/nasuni-labs/nasuni-mcp-desktop/blob/main/nasuni-mcp-desktop-solution.dxt,nasuni-mcp-desktop/nasuni-mcp-desktop-solution.dxt at main · nasuni-labs/nasu...,1,1
2026-03-07,/nasuni-labs/nasuni-mcp-desktop/blob/main/scripts/process_traffic.py,nasuni-mcp-desktop/scripts at main · nasuni-labs/nasuni-mcp-desktop,1,1
2026-03-08,/nasuni-labs/nasuni-mcp-desktop,GitHub - nasuni-labs/nasuni-mcp-desktop: A local Model Context Protocol (MCP)...,12,11
2026-03-08,/nasuni-labs/nasuni-mcp-desktop/tree/main,nasuni-labs/nasuni-mcp-desktop: A local Model Context Protocol (MCP) Server S...,2,1
2026-03-08,/nasuni-labs/nasuni-mcp-desktop/tree/main/scripts,nasuni-labs/nasuni-mcp-desktop: A local Model Context Protocol (MCP) Server S...,2,1
2026-03-08,/nasuni-labs/nasuni-mcp-desktop/blob/main/nasuni-mcp-desktop-solution.dxt,nasuni-mcp-desktop/nasuni-mcp-desktop-solution.dxt at main · nasuni-labs/nasu...,1,1
2026-03-08,/nasuni-labs/nasuni-mcp-desktop/blob/main/scripts/process_traffic.py,nasuni-mcp-desktop/scripts at main · nasuni-labs/nasuni-mcp-desktop,1,1
2026-03-08,/nasuni-labs/nasuni-mcp-desktop/edit/main/README.md,Editing nasuni-mcp-desktop/README.md at main · nasuni-labs/nasuni-mcp-desktop,1,1
2026-03-09,/nasuni-labs/nasuni-mcp-desktop,GitHub - nasuni-labs/nasuni-mcp-desktop: A local Model Context Protocol (MCP)...,12,11
2026-03-09,/nasuni-labs/nasuni-mcp-desktop/tree/main,nasuni-labs/nasuni-mcp-desktop: A local Model Context Protocol (MCP) Server S...,2,1
2026-03-09,/nasuni-labs/nasuni-mcp-desktop/tree/main/scripts,nasuni-labs/nasuni-mcp-desktop: A local Model Context Protocol (MCP) Server S...,2,1
2026-03-09,/nasuni-labs/nasuni-mcp-desktop/blob/main/nasuni-mcp-desktop-solution.dxt,nasuni-mcp-desktop/nasuni-mcp-desktop-solution.dxt at main · nasuni-labs/nasu...,1,1
2026-03-09,/nasuni-labs/nasuni-mcp-desktop/blob/main/scripts/process_traffic.py,nasuni-mcp-desktop/scripts at main · nasuni-labs/nasuni-mcp-desktop,1,1
2026-03-09,/nasuni-labs/nasuni-mcp-desktop/edit/main/README.md,Editing nasuni-mcp-desktop/README.md at main · nasuni-labs/nasuni-mcp-desktop,1,1
2026-03-10,/nasuni-labs/nasuni-mcp-desktop,GitHub - nasuni-labs/nasuni-mcp-desktop: A local Model Context Protocol (MCP)...,12,11
2026-03-10,/nasuni-labs/nasuni-mcp-desktop/tree/main,nasuni-labs/nasuni-mcp-desktop: A local Model Context Protocol (MCP) Server S...,2,1
2026-03-10,/nasuni-labs/nasuni-mcp-desktop/tree/main/scripts,nasuni-labs/nasuni-mcp-desktop: A local Model Context Protocol (MCP) Server S...,2,1
2026-03-10,/nasuni-labs/nasuni-mcp-desktop/blob/main/nasuni-mcp-desktop-solution.dxt,nasuni-mcp-desktop/nasuni-mcp-desktop-solution.dxt at main · nasuni-labs/nasu...,1,1
2026-03-10,/nasuni-labs/nasuni-mcp-desktop/blob/main/scripts/process_traffic.py,nasuni-mcp-desktop/scripts at main · nasuni-labs/nasuni-mcp-desktop,1,1
2026-03-10,/nasuni-labs/nasuni-mcp-desktop/edit/main/README.md,Editing nasuni-mcp-desktop/README.md at main · nasuni-labs/nasuni-mcp-desktop,1,1
2026-03-11,/nasuni-labs/nasuni-mcp-desktop,GitHub - nasuni-labs/nasuni-mcp-desktop: A local Model Context Protocol (MCP)...,11,10
2026-03-11,/nasuni-labs/nasuni-mcp-desktop/tree/main,nasuni-labs/nasuni-mcp-desktop: A local Model Context Protocol (MCP) Server S...,2,1
2026-03-11,/nasuni-labs/nasuni-mcp-desktop/tree/main/scripts,nasuni-labs/nasuni-mcp-desktop: A local Model Context Protocol (MCP) Server S...,2,1
2026-03-11,/nasuni-labs/nasuni-mcp-desktop/blob/main/nasuni-mcp-desktop-solution.dxt,nasuni-mcp-desktop/nasuni-mcp-desktop-solution.dxt at main · nasuni-labs/nasu...,1,1
2026-03-11,/nasuni-labs/nasuni-mcp-desktop/blob/main/scripts/process_traffic.py,nasuni-mcp-desktop/scripts at main · nasuni-labs/nasuni-mcp-desktop,1,1
2026-03-11,/nasuni-labs/nasuni-mcp-desktop/edit/main/README.md,Editing nasuni-mcp-desktop/README.md at main · nasuni-labs/nasuni-mcp-desktop,1,1
2026-03-12,/nasuni-labs/nasuni-mcp-desktop,nasuni-labs/nasuni-mcp-desktop: A local Model Context Protocol (MCP) Server S...,15,12
2026-03-12,/nasuni-labs/nasuni-mcp-desktop/blob/main/nasuni-mcp-desktop-solution.dxt,nasuni-labs/nasuni-mcp-desktop: A local Model Context Protocol (MCP) Server S...,2,2
2026-03-12,/nasuni-labs/nasuni-mcp-desktop/tree/main,nasuni-labs/nasuni-mcp-desktop: A local Model Context Protocol (MCP) Server S...,2,1
2026-03-12,/nasuni-labs/nasuni-mcp-desktop/tree/main/scripts,nasuni-labs/nasuni-mcp-desktop: A local Model Context Protocol (MCP) Server S...,2,1
2026-03-12,/nasuni-labs/nasuni-mcp-desktop/blob/main/scripts/process_traffic.py,nasuni-mcp-desktop/scripts at main · nasuni-labs/nasuni-mcp-desktop,1,1
2026-03-12,/nasuni-labs/nasuni-mcp-desktop/commit/84bfec3ed7bf8d8249b37b8af95c22ff325653bf,Revise target audience in project overview · nasuni-labs/nasuni-mcp-desktop@8...,1,1
2026-03-12,/nasuni-labs/nasuni-mcp-desktop/edit/main/README.md,Editing nasuni-mcp-desktop/README.md at main · nasuni-labs/nasuni-mcp-desktop,1,1
2026-03-13,/nasuni-labs/nasuni-mcp-desktop,GitHub - nasuni-labs/nasuni-mcp-desktop: A local Model Context Protocol (MCP)...,14,11
2026-03-13,/nasuni-labs/nasuni-mcp-desktop/blob/main/nasuni-mcp-desktop-solution.dxt,nasuni-labs/nasuni-mcp-desktop: A local Model Context Protocol (MCP) Server S...,2,2
2026-03-13,/nasuni-labs/nasuni-mcp-desktop/commit/84bfec3ed7bf8d8249b37b8af95c22ff325653bf,Revise target audience in project overview · nasuni-labs/nasuni-mcp-desktop@8...,1,1
2026-03-13,/nasuni-labs/nasuni-mcp-desktop/edit/main/README.md,Editing nasuni-mcp-desktop/README.md at main · nasuni-labs/nasuni-mcp-desktop,1,1
2026-03-13,/nasuni-labs/nasuni-mcp-desktop/tree/main,nasuni-labs/nasuni-mcp-desktop: A local Model Context Protocol (MCP) Server S...,1,1
2026-03-14,/nasuni-labs/nasuni-mcp-desktop,GitHub - nasuni-labs/nasuni-mcp-desktop: A local Model Context Protocol (MCP)...,14,11
2026-03-14,/nasuni-labs/nasuni-mcp-desktop/blob/main/nasuni-mcp-desktop-solution.dxt,nasuni-labs/nasuni-mcp-desktop: A local Model Context Protocol (MCP) Server S...,2,2
2026-03-14,/nasuni-labs/nasuni-mcp-desktop/commit/84bfec3ed7bf8d8249b37b8af95c22ff325653bf,Revise target audience in project overview · nasuni-labs/nasuni-mcp-desktop@8...,1,1
2026-03-14,/nasuni-labs/nasuni-mcp-desktop/edit/main/README.md,Editing nasuni-mcp-desktop/README.md at main · nasuni-labs/nasuni-mcp-desktop,1,1
2026-03-15,/nasuni-labs/nasuni-mcp-desktop,GitHub - nasuni-labs/nasuni-mcp-desktop: A local Model Context Protocol (MCP)...,14,11
2026-03-15,/nasuni-labs/nasuni-mcp-desktop/blob/main/nasuni-mcp-desktop-solution.dxt,nasuni-labs/nasuni-mcp-desktop: A local Model Context Protocol (MCP) Server S...,2,2
2026-03-15,/nasuni-labs/nasuni-mcp-desktop/commit/84bfec3ed7bf8d8249b37b8af95c22ff325653bf,Revise target audience in project overview · nasuni-labs/nasuni-mcp-desktop@8...,1,1
2026-03-15,/nasuni-labs/nasuni-mcp-desktop/edit/main/README.md,Editing nasuni-mcp-desktop/README.md at main · nasuni-labs/nasuni-mcp-desktop,1,1
2026-03-16,/nasuni-labs/nasuni-mcp-desktop,GitHub - nasuni-labs/nasuni-mcp-desktop: A local Model Context Protocol (MCP)...,14,11
2026-03-16,/nasuni-labs/nasuni-mcp-desktop/blob/main/nasuni-mcp-desktop-solution.dxt,nasuni-labs/nasuni-mcp-desktop: A local Model Context Protocol (MCP) Server S...,2,2
2026-03-16,/nasuni-labs/nasuni-mcp-desktop/commit/84bfec3ed7bf8d8249b37b8af95c22ff325653bf,Revise target audience in project overview · nasuni-labs/nasuni-mcp-desktop@8...,1,1
2026-03-16,/nasuni-labs/nasuni-mcp-desktop/edit/main/README.md,Editing nasuni-mcp-desktop/README.md at main · nasuni-labs/nasuni-mcp-desktop,1,1
2026-03-17,/nasuni-labs/nasuni-mcp-desktop,GitHub - nasuni-labs/nasuni-mcp-desktop: A local Model Context Protocol (MCP)...,14,11
2026-03-17,/nasuni-labs/nasuni-mcp-desktop/blob/main/nasuni-mcp-desktop-solution.dxt,nasuni-labs/nasuni-mcp-desktop: A local Model Context Protocol (MCP) Server S...,2,2
2026-03-17,/nasuni-labs/nasuni-mcp-desktop/commit/84bfec3ed7bf8d8249b37b8af95c22ff325653bf,Revise target audience in project overview · nasuni-labs/nasuni-mcp-desktop@8...,1,1
2026-03-17,/nasuni-labs/nasuni-mcp-desktop/edit/main/README.md,Editing nasuni-mcp-desktop/README.md at main · nasuni-labs/nasuni-mcp-desktop,1,1
2026-03-18,/nasuni-labs/nasuni-mcp-desktop,GitHub - nasuni-labs/nasuni-mcp-desktop: A local Model Context Protocol (MCP)...,12,9
2026-03-18,/nasuni-labs/nasuni-mcp-desktop/blob/main/nasuni-mcp-desktop-solution.dxt,nasuni-labs/nasuni-mcp-desktop: A local Model Context Protocol (MCP) Server S...,2,2
2026-03-18,/nasuni-labs/nasuni-mcp-desktop/commit/84bfec3ed7bf8d8249b37b8af95c22ff325653bf,Revise target audience in project overview · nasuni-labs/nasuni-mcp-desktop@8...,1,1
2026-03-18,/nasuni-labs/nasuni-mcp-desktop/edit/main/README.md,Editing nasuni-mcp-desktop/README.md at main · nasuni-labs/nasuni-mcp-desktop,1,1
2026-03-19,/nasuni-labs/nasuni-mcp-desktop,GitHub - nasuni-labs/nasuni-mcp-desktop: A local Model Context Protocol (MCP)...,14,11
2026-03-19,/nasuni-labs/nasuni-mcp-desktop/blob/main/nasuni-mcp-desktop-solution.dxt,nasuni-labs/nasuni-mcp-desktop: A local Model Context Protocol (MCP) Server S...,2,2
2026-03-19,/nasuni-labs/nasuni-mcp-desktop/commit/84bfec3ed7bf8d8249b37b8af95c22ff325653bf,Revise target audience in project overview · nasuni-labs/nasuni-mcp-desktop@8...,1,1
2026-03-19,/nasuni-labs/nasuni-mcp-desktop/edit/main/README.md,Editing nasuni-mcp-desktop/README.md at main · nasuni-labs/nasuni-mcp-desktop,1,1
2026-03-20,/nasuni-labs/nasuni-mcp-desktop,nasuni-labs/nasuni-mcp-desktop: A local Model Context Protocol (MCP) Server S...,15,12
2026-03-20,/nasuni-labs/nasuni-mcp-desktop/blob/main/nasuni-mcp-desktop-solution.dxt,nasuni-labs/nasuni-mcp-desktop: A local Model Context Protocol (MCP) Server S...,2,2
2026-03-20,/nasuni-labs/nasuni-mcp-desktop/commit/84bfec3ed7bf8d8249b37b8af95c22ff325653bf,Revise target audience in project overview · nasuni-labs/nasuni-mcp-desktop@8...,1,1
2026-03-20,/nasuni-labs/nasuni-mcp-desktop/edit/main/README.md,Editing nasuni-mcp-desktop/README.md at main · nasuni-labs/nasuni-mcp-desktop,1,1
2026-03-20,/nasuni-labs/nasuni-mcp-desktop/tree/main/mcp,nasuni-labs/nasuni-mcp-desktop: A local Model Context Protocol (MCP) Server S...,1,1
2026-03-21,/nasuni-labs/nasuni-mcp-desktop,nasuni-labs/nasuni-mcp-desktop: A local Model Context Protocol (MCP) Server S...,15,12
2026-03-21,/nasuni-labs/nasuni-mcp-desktop/blob/main/nasuni-mcp-desktop-solution.dxt,nasuni-labs/nasuni-mcp-desktop: A local Model Context Protocol (MCP) Server S...,1,1
2026-03-21,/nasuni-labs/nasuni-mcp-desktop/commit/84bfec3ed7bf8d8249b37b8af95c22ff325653bf,Revise target audience in project overview · nasuni-labs/nasuni-mcp-desktop@8...,1,1
2026-03-21,/nasuni-labs/nasuni-mcp-desktop/edit/main/README.md,Editing nasuni-mcp-desktop/README.md at main · nasuni-labs/nasuni-mcp-desktop,1,1
2026-03-21,/nasuni-labs/nasuni-mcp-desktop/tree/main/mcp,nasuni-labs/nasuni-mcp-desktop: A local Model Context Protocol (MCP) Server S...,1,1
2026-03-22,/nasuni-labs/nasuni-mcp-desktop,nasuni-labs/nasuni-mcp-desktop: A local Model Context Protocol (MCP) Server S...,11,9
2026-03-22,/nasuni-labs/nasuni-mcp-desktop/blob/main/nasuni-mcp-desktop-solution.dxt,nasuni-labs/nasuni-mcp-desktop: A local Model Context Protocol (MCP) Server S...,1,1
2026-03-22,/nasuni-labs/nasuni-mcp-desktop/commit/84bfec3ed7bf8d8249b37b8af95c22ff325653bf,Revise target audience in project overview · nasuni-labs/nasuni-mcp-desktop@8...,1,1
2026-03-22,/nasuni-labs/nasuni-mcp-desktop/tree/main/mcp,nasuni-labs/nasuni-mcp-desktop: A local Model Context Protocol (MCP) Server S...,1,1
2026-03-23,/nasuni-labs/nasuni-mcp-desktop,nasuni-labs/nasuni-mcp-desktop: A local Model Context Protocol (MCP) Server S...,11,9
2026-03-23,/nasuni-labs/nasuni-mcp-desktop/blob/main/nasuni-mcp-desktop-solution.dxt,nasuni-labs/nasuni-mcp-desktop: A local Model Context Protocol (MCP) Server S...,1,1
2026-03-23,/nasuni-labs/nasuni-mcp-desktop/commit/84bfec3ed7bf8d8249b37b8af95c22ff325653bf,Revise target audience in project overview · nasuni-labs/nasuni-mcp-desktop@8...,1,1
2026-03-23,/nasuni-labs/nasuni-mcp-desktop/tree/main/mcp,nasuni-labs/nasuni-mcp-desktop: A local Model Context Protocol (MCP) Server S...,1,1
2026-03-24,/nasuni-labs/nasuni-mcp-desktop,nasuni-labs/nasuni-mcp-desktop: A local Model Context Protocol (MCP) Server S...,11,9
2026-03-24,/nasuni-labs/nasuni-mcp-desktop/blob/main/nasuni-mcp-desktop-solution.dxt,nasuni-labs/nasuni-mcp-desktop: A local Model Context Protocol (MCP) Server S...,1,1
2026-03-24,/nasuni-labs/nasuni-mcp-desktop/commit/84bfec3ed7bf8d8249b37b8af95c22ff325653bf,Revise target audience in project overview · nasuni-labs/nasuni-mcp-desktop@8...,1,1
2026-03-24,/nasuni-labs/nasuni-mcp-desktop/tree/main/mcp,nasuni-labs/nasuni-mcp-desktop: A local Model Context Protocol (MCP) Server S...,1,1
2026-03-25,/nasuni-labs/nasuni-mcp-desktop,nasuni-labs/nasuni-mcp-desktop: A local Model Context Protocol (MCP) Server S...,12,10
2026-03-25,/nasuni-labs/nasuni-mcp-desktop/blob/main/nasuni-mcp-desktop-solution.dxt,nasuni-labs/nasuni-mcp-desktop: A local Model Context Protocol (MCP) Server S...,1,1
2026-03-25,/nasuni-labs/nasuni-mcp-desktop/commit/84bfec3ed7bf8d8249b37b8af95c22ff325653bf,Revise target audience in project overview · nasuni-labs/nasuni-mcp-desktop@8...,1,1
2026-03-25,/nasuni-labs/nasuni-mcp-desktop/tree/main/mcp,nasuni-labs/nasuni-mcp-desktop: A local Model Context Protocol (MCP) Server S...,1,1
2026-03-26,/nasuni-labs/nasuni-mcp-desktop,nasuni-labs/nasuni-mcp-desktop: A local Model Context Protocol (MCP) Server S...,6,6
2026-03-26,/nasuni-labs/nasuni-mcp-desktop/tree/main/mcp,nasuni-labs/nasuni-mcp-desktop: A local Model Context Protocol (MCP) Server S...,1,1
2026-03-27,/nasuni-labs/nasuni-mcp-desktop,nasuni-labs/nasuni-mcp-desktop: A local Model Context Protocol (MCP) Server S...,4,4
2026-03-27,/nasuni-labs/nasuni-mcp-desktop/tree/main/mcp,nasuni-labs/nasuni-mcp-desktop: A local Model Context Protocol (MCP) Server S...,1,1
2026-03-28,/nasuni-labs/nasuni-mcp-desktop,nasuni-labs/nasuni-mcp-desktop: A local Model Context Protocol (MCP) Server S...,5,5
2026-03-28,/nasuni-labs/nasuni-mcp-desktop/tree/main/mcp,nasuni-labs/nasuni-mcp-desktop: A local Model Context Protocol (MCP) Server S...,1,1
2026-03-29,/nasuni-labs/nasuni-mcp-desktop,nasuni-labs/nasuni-mcp-desktop: A local Model Context Protocol (MCP) Server S...,5,5
2026-03-29,/nasuni-labs/nasuni-mcp-desktop/tree/main/mcp,nasuni-labs/nasuni-mcp-desktop: A local Model Context Protocol (MCP) Server S...,1,1
2026-03-30,/nasuni-labs/nasuni-mcp-desktop,nasuni-labs/nasuni-mcp-desktop: A local Model Context Protocol (MCP) Server S...,5,5
2026-03-30,/nasuni-labs/nasuni-mcp-desktop/tree/main/mcp,nasuni-labs/nasuni-mcp-desktop: A local Model Context Protocol (MCP) Server S...,1,1
2026-03-31,/nasuni-labs/nasuni-mcp-desktop,nasuni-labs/nasuni-mcp-desktop: A local Model Context Protocol (MCP) Server S...,6,6
2026-03-31,/nasuni-labs/nasuni-mcp-desktop/tree/main/mcp,nasuni-labs/nasuni-mcp-desktop: A local Model Context Protocol (MCP) Server S...,1,1
2026-04-01,/nasuni-labs/nasuni-mcp-desktop,nasuni-labs/nasuni-mcp-desktop: A local Model Context Protocol (MCP) Server S...,6,6
2026-04-01,/nasuni-labs/nasuni-mcp-desktop/tree/main/mcp,nasuni-labs/nasuni-mcp-desktop: A local Model Context Protocol (MCP) Server S...,1,1
2026-04-02,/nasuni-labs/nasuni-mcp-desktop,nasuni-labs/nasuni-mcp-desktop: A local Model Context Protocol (MCP) Server S...,4,4
2026-04-02,/nasuni-labs/nasuni-mcp-desktop/tree/main/mcp,nasuni-labs/nasuni-mcp-desktop: A local Model Context Protocol (MCP) Server S...,1,1
2026-04-03,/nasuni-labs/nasuni-mcp-desktop,Overview,4,4
2026-04-04,/nasuni-labs/nasuni-mcp-desktop,Overview,4,4
2026-04-05,/nasuni-labs/nasuni-mcp-desktop,Overview,4,4
2026-04-06,/nasuni-labs/nasuni-mcp-desktop,Overview,4,4
2026-04-07,/nasuni-labs/nasuni-mcp-desktop,Overview,5,5
2026-04-08,/nasuni-labs/nasuni-mcp-desktop,Overview,4,4
2026-04-09,/nasuni-labs/nasuni-mcp-desktop,Overview,4,4
2026-04-10,/nasuni-labs/nasuni-mcp-desktop,Overview,4,4
2026-04-11,/nasuni-labs/nasuni-mcp-desktop,Overview,3,3
2026-04-12,/nasuni-labs/nasuni-mcp-desktop,Overview,3,3
2026-04-13,/nasuni-labs/nasuni-mcp-desktop,Overview,3,3
2026-04-14,/nasuni-labs/nasuni-mcp-desktop,Overview,2,2
2026-04-15,/nasuni-labs/nasuni-mcp-desktop,Overview,4,4
2026-04-15,/nasuni-labs/nasuni-mcp-desktop/tree/main/scripts,/tree/main/scripts,1,1
2026-04-16,/nasuni-labs/nasuni-mcp-desktop,Overview,8,8
2026-04-16,/nasuni-labs/nasuni-mcp-desktop/tree/main/scripts,/tree/main/scripts,2,2
2026-04-16,/nasuni-labs/nasuni-mcp-desktop/tree/main/mcp,/tree/main/mcp,2,1
2026-04-16,/nasuni-labs/nasuni-mcp-desktop/blob/main/mcp/app/file_system.py,/blob/main/mcp/app/file_system.py,1,1
2026-04-16,/nasuni-labs/nasuni-mcp-desktop/blob/main/scripts/process_traffic.py,/blob/main/scripts/process_traffic.py,1,1
2026-04-16,/nasuni-labs/nasuni-mcp-desktop/tree/main/mcp/app,/tree/main/mcp/app,1,1
2026-04-17,/nasuni-labs/nasuni-mcp-desktop,Overview,9,9
2026-04-17,/nasuni-labs/nasuni-mcp-desktop/blob/main/nasuni-mcp-desktop-solution.dxt,/blob/main/nasuni-mcp-desktop-solution.dxt,3,2
2026-04-17,/nasuni-labs/nasuni-mcp-desktop/tree/main/scripts,/tree/main/scripts,2,2
2026-04-17,/nasuni-labs/nasuni-mcp-desktop/tree/main/mcp,/tree/main/mcp,2,1
2026-04-17,/nasuni-labs/nasuni-mcp-desktop/blob/main/mcp/app/file_system.py,/blob/main/mcp/app/file_system.py,1,1
2026-04-17,/nasuni-labs/nasuni-mcp-desktop/blob/main/scripts/process_traffic.py,/blob/main/scripts/process_traffic.py,1,1
2026-04-17,/nasuni-labs/nasuni-mcp-desktop/tree/main/mcp/app,/tree/main/mcp/app,1,1
2026-04-18,/nasuni-labs/nasuni-mcp-desktop,Overview,9,9
2026-04-18,/nasuni-labs/nasuni-mcp-desktop/blob/main/nasuni-mcp-desktop-solution.dxt,/blob/main/nasuni-mcp-desktop-solution.dxt,3,2
2026-04-18,/nasuni-labs/nasuni-mcp-desktop/tree/main/scripts,/tree/main/scripts,2,2
2026-04-18,/nasuni-labs/nasuni-mcp-desktop/tree/main/mcp,/tree/main/mcp,2,1
2026-04-18,/nasuni-labs/nasuni-mcp-desktop/blob/main/mcp/app/file_system.py,/blob/main/mcp/app/file_system.py,1,1
2026-04-18,/nasuni-labs/nasuni-mcp-desktop/blob/main/scripts/process_traffic.py,/blob/main/scripts/process_traffic.py,1,1
2026-04-18,/nasuni-labs/nasuni-mcp-desktop/tree/main/mcp/app,/tree/main/mcp/app,1,1
2026-04-19,/nasuni-labs/nasuni-mcp-desktop,Overview,9,9
2026-04-19,/nasuni-labs/nasuni-mcp-desktop/blob/main/nasuni-mcp-desktop-solution.dxt,/blob/main/nasuni-mcp-desktop-solution.dxt,3,2
2026-04-19,/nasuni-labs/nasuni-mcp-desktop/tree/main/scripts,/tree/main/scripts,2,2
2026-04-19,/nasuni-labs/nasuni-mcp-desktop/tree/main/mcp,/tree/main/mcp,2,1
2026-04-19,/nasuni-labs/nasuni-mcp-desktop/blob/main/mcp/app/file_system.py,/blob/main/mcp/app/file_system.py,1,1
2026-04-19,/nasuni-labs/nasuni-mcp-desktop/blob/main/scripts/process_traffic.py,/blob/main/scripts/process_traffic.py,1,1
2026-04-19,/nasuni-labs/nasuni-mcp-desktop/tree/main/mcp/app,/tree/main/mcp/app,1,1
2026-04-20,/nasuni-labs/nasuni-mcp-desktop,Overview,9,9
2026-04-20,/nasuni-labs/nasuni-mcp-desktop/blob/main/nasuni-mcp-desktop-solution.dxt,/blob/main/nasuni-mcp-desktop-solution.dxt,3,2
2026-04-20,/nasuni-labs/nasuni-mcp-desktop/tree/main/scripts,/tree/main/scripts,2,2
2026-04-20,/nasuni-labs/nasuni-mcp-desktop/tree/main/mcp,/tree/main/mcp,2,1
2026-04-20,/nasuni-labs/nasuni-mcp-desktop/blob/main/mcp/app/file_system.py,/blob/main/mcp/app/file_system.py,1,1
2026-04-20,/nasuni-labs/nasuni-mcp-desktop/blob/main/scripts/process_traffic.py,/blob/main/scripts/process_traffic.py,1,1
2026-04-20,/nasuni-labs/nasuni-mcp-desktop/tree/main/mcp/app,/tree/main/mcp/app,1,1
2026-04-21,/nasuni-labs/nasuni-mcp-desktop,Overview,8,8
2026-04-21,/nasuni-labs/nasuni-mcp-desktop/blob/main/nasuni-mcp-desktop-solution.dxt,/blob/main/nasuni-mcp-desktop-solution.dxt,3,2
2026-04-21,/nasuni-labs/nasuni-mcp-desktop/tree/main/scripts,/tree/main/scripts,2,2
2026-04-21,/nasuni-labs/nasuni-mcp-desktop/tree/main/mcp,/tree/main/mcp,2,1
2026-04-21,/nasuni-labs/nasuni-mcp-desktop/blob/main/mcp/app/file_system.py,/blob/main/mcp/app/file_system.py,1,1
2026-04-21,/nasuni-labs/nasuni-mcp-desktop/blob/main/scripts/process_traffic.py,/blob/main/scripts/process_traffic.py,1,1
2026-04-21,/nasuni-labs/nasuni-mcp-desktop/tree/main/mcp/app,/tree/main/mcp/app,1,1
2026-04-22,/nasuni-labs/nasuni-mcp-desktop,Overview,9,9
2026-04-22,/nasuni-labs/nasuni-mcp-desktop/blob/main/nasuni-mcp-desktop-solution.dxt,/blob/main/nasuni-mcp-desktop-solution.dxt,3,2
2026-04-22,/nasuni-labs/nasuni-mcp-desktop/tree/main/scripts,/tree/main/scripts,2,2
2026-04-22,/nasuni-labs/nasuni-mcp-desktop/tree/main/mcp,/tree/main/mcp,2,1
2026-04-22,/nasuni-labs/nasuni-mcp-desktop/blob/main/mcp/app/file_system.py,/blob/main/mcp/app/file_system.py,1,1
2026-04-22,/nasuni-labs/nasuni-mcp-desktop/blob/main/scripts/process_traffic.py,/blob/main/scripts/process_traffic.py,1,1
2026-04-22,/nasuni-labs/nasuni-mcp-desktop/tree/main/mcp/app,/tree/main/mcp/app,1,1
